id,kind,t_host_s,trial,block,phase,last_marker_request_id,last_marker_code,payload_json,temperature,voltage,raw,line,error
1,grip,5.483354400028475,0,1,idle,,,"{""temperature"": 25.0, ""voltage"": 0.81, ""raw"": 0.81, ""line"": ""25,0.81"", ""t"": 5.483354400028475}",25.0,0.81,0.81,"25,0.81",
2,grip,5.493846600060351,0,1,idle,,,"{""temperature"": 25.0, ""voltage"": 0.81, ""raw"": 0.81, ""line"": ""25,0.81"", ""t"": 5.493846600060351}",25.0,0.81,0.81,"25,0.81",
4,grip,5.503906300058588,0,1,pre_run,,,"{""temperature"": 25.0, ""voltage"": 0.81, ""raw"": 0.81, ""line"": ""25,0.81"", ""t"": 5.503906300058588}",25.0,0.81,0.81,"25,0.81",
5,grip,5.514435900026001,0,1,pre_run,,,"{""temperature"": 25.0, ""voltage"": 0.81, ""raw"": 0.81, ""line"": ""25,0.81"", ""t"": 5.514435900026001}",25.0,0.81,0.81,"25,0.81",
6,grip,5.52451470005326,0,1,pre_run,,,"{""temperature"": 25.0, ""voltage"": 0.81, ""raw"": 0.81, ""line"": ""25,0.81"", ""t"": 5.52451470005326}",25.0,0.81,0.81,"25,0.81",
7,grip,5.535583900054917,0,1,pre_run,,,"{""temperature"": 25.0, ""voltage"": 0.81, ""raw"": 0.81, ""line"": ""25,0.81"", ""t"": 5.535583900054917}",25.0,0.81,0.81,"25,0.81",
8,grip,5.54567650007084,0,1,pre_run,,,"{""temperature"": 25.0, ""voltage"": 0.81, ""raw"": 0.81, ""line"": ""25,0.81"", ""t"": 5.54567650007084}",25.0,0.81,0.81,"25,0.81",
9,grip,5.55651340004988,0,1,pre_run,,,"{""temperature"": 25.0, ""voltage"": 0.81, ""raw"": 0.81, ""line"": ""25,0.81"", ""t"": 5.55651340004988}",25.0,0.81,0.81,"25,0.81",
10,grip,5.566733099985868,0,1,pre_run,,,"{""temperature"": 25.0, ""voltage"": 0.81, ""raw"": 0.81, ""line"": ""25,0.81"", ""t"": 5.566733099985868}",25.0,0.81,0.81,"25,0.81",
11,grip,5.577184100053273,0,1,pre_run,,,"{""temperature"": 25.0, ""voltage"": 0.81, ""raw"": 0.81, ""line"": ""25,0.81"", ""t"": 5.577184100053273}",25.0,0.81,0.81,"25,0.81",
12,grip,5.587428800063208,0,1,pre_run,,,"{""temperature"": 25.0, ""voltage"": 0.81, ""raw"": 0.81, ""line"": ""25,0.81"", ""t"": 5.587428800063208}",25.0,0.81,0.81,"25,0.81",
13,grip,5.597495199996047,0,1,pre_run,,,"{""temperature"": 25.0, ""voltage"": 0.81, ""raw"": 0.81, ""line"": ""25,0.81"", ""t"": 5.597495199996047}",25.0,0.81,0.81,"25,0.81",
14,grip,5.607553499983624,0,1,pre_run,,,"{""temperature"": 25.0, ""voltage"": 0.81, ""raw"": 0.81, ""line"": ""25,0.81"", ""t"": 5.607553499983624}",25.0,0.81,0.81,"25,0.81",
17,grip,5.617605800041929,0,1,pre_run,15,1,"{""temperature"": 25.0, ""voltage"": 0.81, ""raw"": 0.81, ""line"": ""25,0.81"", ""t"": 5.617605800041929}",25.0,0.81,0.81,"25,0.81",
19,grip,5.62774210004136,0,1,pre_run,15,1,"{""temperature"": 25.0, ""voltage"": 0.81, ""raw"": 0.81, ""line"": ""25,0.81"", ""t"": 5.62774210004136}",25.0,0.81,0.81,"25,0.81",
21,grip,5.637835500063375,1,1,prepare,15,1,"{""temperature"": 25.0, ""voltage"": 0.81, ""raw"": 0.81, ""line"": ""25,0.81"", ""t"": 5.637835500063375}",25.0,0.81,0.81,"25,0.81",
24,grip,5.64788679999765,1,1,prepare,22,2,"{""temperature"": 25.0, ""voltage"": 0.81, ""raw"": 0.81, ""line"": ""25,0.81"", ""t"": 5.64788679999765}",25.0,0.81,0.81,"25,0.81",
26,grip,5.658788100001402,1,1,prepare,22,2,"{""temperature"": 25.0, ""voltage"": 0.81, ""raw"": 0.81, ""line"": ""25,0.81"", ""t"": 5.658788100001402}",25.0,0.81,0.81,"25,0.81",
27,grip,5.668895800015889,1,1,prepare,22,2,"{""temperature"": 25.0, ""voltage"": 0.81, ""raw"": 0.81, ""line"": ""25,0.81"", ""t"": 5.668895800015889}",25.0,0.81,0.81,"25,0.81",
28,grip,5.679222000064328,1,1,prepare,22,2,"{""temperature"": 25.0, ""voltage"": 0.81, ""raw"": 0.81, ""line"": ""25,0.81"", ""t"": 5.679222000064328}",25.0,0.81,0.81,"25,0.81",
29,grip,5.68929999996908,1,1,prepare,22,2,"{""temperature"": 25.0, ""voltage"": 0.81, ""raw"": 0.81, ""line"": ""25,0.81"", ""t"": 5.68929999996908}",25.0,0.81,0.81,"25,0.81",
30,grip,5.699396100011654,1,1,prepare,22,2,"{""temperature"": 25.0, ""voltage"": 0.81, ""raw"": 0.81, ""line"": ""25,0.81"", ""t"": 5.699396100011654}",25.0,0.81,0.81,"25,0.81",
31,grip,5.709800300071947,1,1,prepare,22,2,"{""temperature"": 25.0, ""voltage"": 0.81, ""raw"": 0.81, ""line"": ""25,0.81"", ""t"": 5.709800300071947}",25.0,0.81,0.81,"25,0.81",
32,grip,5.7198955999920145,1,1,prepare,22,2,"{""temperature"": 25.0, ""voltage"": 0.81, ""raw"": 0.81, ""line"": ""25,0.81"", ""t"": 5.7198955999920145}",25.0,0.81,0.81,"25,0.81",
33,grip,5.729949500062503,1,1,prepare,22,2,"{""temperature"": 25.0, ""voltage"": 0.81, ""raw"": 0.81, ""line"": ""25,0.81"", ""t"": 5.729949500062503}",25.0,0.81,0.81,"25,0.81",
34,grip,5.740011399961077,1,1,prepare,22,2,"{""temperature"": 25.0, ""voltage"": 0.81, ""raw"": 0.81, ""line"": ""25,0.81"", ""t"": 5.740011399961077}",25.0,0.81,0.81,"25,0.81",
36,grip,5.750064800027758,1,1,feedback,22,2,"{""temperature"": 25.0, ""voltage"": 0.81, ""raw"": 0.81, ""line"": ""25,0.81"", ""t"": 5.750064800027758}",25.0,0.81,0.81,"25,0.81",
37,grip,5.760446900036186,1,1,feedback,22,2,"{""temperature"": 25.0, ""voltage"": 0.81, ""raw"": 0.81, ""line"": ""25,0.81"", ""t"": 5.760446900036186}",25.0,0.81,0.81,"25,0.81",
40,grip,5.770502400002442,1,1,feedback,38,3,"{""temperature"": 25.0, ""voltage"": 0.81, ""raw"": 0.81, ""line"": ""25,0.81"", ""t"": 5.770502400002442}",25.0,0.81,0.81,"25,0.81",
42,grip,5.780624400009401,1,1,feedback,38,3,"{""temperature"": 25.0, ""voltage"": 0.81, ""raw"": 0.81, ""line"": ""25,0.81"", ""t"": 5.780624400009401}",25.0,0.81,0.81,"25,0.81",
43,grip,5.7910969000076875,1,1,feedback,38,3,"{""temperature"": 25.0, ""voltage"": 0.81, ""raw"": 0.81, ""line"": ""25,0.81"", ""t"": 5.7910969000076875}",25.0,0.81,0.81,"25,0.81",
44,grip,5.80124749999959,1,1,feedback,38,3,"{""temperature"": 25.0, ""voltage"": 0.81, ""raw"": 0.81, ""line"": ""25,0.81"", ""t"": 5.80124749999959}",25.0,0.81,0.81,"25,0.81",
45,grip,5.813571200007573,1,1,feedback,38,3,"{""temperature"": 25.0, ""voltage"": 0.81, ""raw"": 0.81, ""line"": ""25,0.81"", ""t"": 5.813571200007573}",25.0,0.81,0.81,"25,0.81",
46,grip,5.823625599965453,1,1,feedback,38,3,"{""temperature"": 25.0, ""voltage"": 0.81, ""raw"": 0.81, ""line"": ""25,0.81"", ""t"": 5.823625599965453}",25.0,0.81,0.81,"25,0.81",
47,grip,5.834451499977149,1,1,feedback,38,3,"{""temperature"": 25.0, ""voltage"": 0.81, ""raw"": 0.81, ""line"": ""25,0.81"", ""t"": 5.834451499977149}",25.0,0.81,0.81,"25,0.81",
48,grip,5.847253700019792,1,1,feedback,38,3,"{""temperature"": 25.0, ""voltage"": 0.81, ""raw"": 0.81, ""line"": ""25,0.81"", ""t"": 5.847253700019792}",25.0,0.81,0.81,"25,0.81",
49,grip,5.857489499961957,1,1,feedback,38,3,"{""temperature"": 25.0, ""voltage"": 0.81, ""raw"": 0.81, ""line"": ""25,0.81"", ""t"": 5.857489499961957}",25.0,0.81,0.81,"25,0.81",
50,grip,5.868110000039451,1,1,feedback,38,3,"{""temperature"": 25.0, ""voltage"": 0.81, ""raw"": 0.81, ""line"": ""25,0.81"", ""t"": 5.868110000039451}",25.0,0.81,0.81,"25,0.81",
52,grip,5.878319300012663,1,1,feedback,38,3,"{""temperature"": 25.0, ""voltage"": 0.81, ""raw"": 0.81, ""line"": ""25,0.81"", ""t"": 5.878319300012663}",25.0,0.81,0.81,"25,0.81",
53,grip,5.888723900076002,1,1,feedback,38,3,"{""temperature"": 25.0, ""voltage"": 0.81, ""raw"": 0.81, ""line"": ""25,0.81"", ""t"": 5.888723900076002}",25.0,0.81,0.81,"25,0.81",
54,grip,5.8987859999760985,1,1,feedback,38,3,"{""temperature"": 25.0, ""voltage"": 0.81, ""raw"": 0.81, ""line"": ""25,0.81"", ""t"": 5.8987859999760985}",25.0,0.81,0.81,"25,0.81",
55,grip,5.909687399980612,1,1,feedback,38,3,"{""temperature"": 25.0, ""voltage"": 0.81, ""raw"": 0.81, ""line"": ""25,0.81"", ""t"": 5.909687399980612}",25.0,0.81,0.81,"25,0.81",
56,grip,5.920217200065963,1,1,feedback,38,3,"{""temperature"": 25.0, ""voltage"": 0.81, ""raw"": 0.81, ""line"": ""25,0.81"", ""t"": 5.920217200065963}",25.0,0.81,0.81,"25,0.81",
57,grip,5.930490700062364,1,1,feedback,38,3,"{""temperature"": 25.0, ""voltage"": 0.81, ""raw"": 0.81, ""line"": ""25,0.81"", ""t"": 5.930490700062364}",25.0,0.81,0.81,"25,0.81",
58,grip,5.940724699990824,1,1,feedback,38,3,"{""temperature"": 25.0, ""voltage"": 0.81, ""raw"": 0.81, ""line"": ""25,0.81"", ""t"": 5.940724699990824}",25.0,0.81,0.81,"25,0.81",
59,grip,5.951620800071396,1,1,feedback,38,3,"{""temperature"": 25.0, ""voltage"": 0.81, ""raw"": 0.81, ""line"": ""25,0.81"", ""t"": 5.951620800071396}",25.0,0.81,0.81,"25,0.81",
60,grip,5.961743599968031,1,1,feedback,38,3,"{""temperature"": 25.0, ""voltage"": 0.81, ""raw"": 0.81, ""line"": ""25,0.81"", ""t"": 5.961743599968031}",25.0,0.81,0.81,"25,0.81",
61,grip,5.972661699983291,1,1,feedback,38,3,"{""temperature"": 25.0, ""voltage"": 0.81, ""raw"": 0.81, ""line"": ""25,0.81"", ""t"": 5.972661699983291}",25.0,0.81,0.81,"25,0.81",
62,grip,5.982763200066984,1,1,feedback,38,3,"{""temperature"": 25.0, ""voltage"": 0.81, ""raw"": 0.81, ""line"": ""25,0.81"", ""t"": 5.982763200066984}",25.0,0.81,0.81,"25,0.81",
63,grip,5.993763000005856,1,1,feedback,38,3,"{""temperature"": 25.0, ""voltage"": 0.81, ""raw"": 0.81, ""line"": ""25,0.81"", ""t"": 5.993763000005856}",25.0,0.81,0.81,"25,0.81",
65,grip,6.004189900006168,1,1,result,38,3,"{""temperature"": 25.0, ""voltage"": 0.81, ""raw"": 0.81, ""line"": ""25,0.81"", ""t"": 6.004189900006168}",25.0,0.81,0.81,"25,0.81",
68,grip,6.01468320004642,1,1,result,66,4,"{""temperature"": 25.0, ""voltage"": 0.81, ""raw"": 0.81, ""line"": ""25,0.81"", ""t"": 6.01468320004642}",25.0,0.81,0.81,"25,0.81",
70,grip,6.025396500015631,1,1,result,66,4,"{""temperature"": 25.0, ""voltage"": 0.81, ""raw"": 0.81, ""line"": ""25,0.81"", ""t"": 6.025396500015631}",25.0,0.81,0.81,"25,0.81",
71,grip,6.036306599969976,1,1,result,66,4,"{""temperature"": 25.0, ""voltage"": 0.81, ""raw"": 0.81, ""line"": ""25,0.81"", ""t"": 6.036306599969976}",25.0,0.81,0.81,"25,0.81",
72,grip,6.047057099989615,1,1,result,66,4,"{""temperature"": 25.0, ""voltage"": 0.81, ""raw"": 0.81, ""line"": ""25,0.81"", ""t"": 6.047057099989615}",25.0,0.81,0.81,"25,0.81",
73,grip,6.057141600060277,1,1,result,66,4,"{""temperature"": 25.0, ""voltage"": 0.81, ""raw"": 0.81, ""line"": ""25,0.81"", ""t"": 6.057141600060277}",25.0,0.81,0.81,"25,0.81",
74,grip,6.067209100001492,1,1,result,66,4,"{""temperature"": 25.0, ""voltage"": 0.81, ""raw"": 0.81, ""line"": ""25,0.81"", ""t"": 6.067209100001492}",25.0,0.81,0.81,"25,0.81",
75,grip,6.0778302999679,1,1,result,66,4,"{""temperature"": 25.0, ""voltage"": 0.81, ""raw"": 0.81, ""line"": ""25,0.81"", ""t"": 6.0778302999679}",25.0,0.81,0.81,"25,0.81",
76,grip,6.087929800036363,1,1,result,66,4,"{""temperature"": 25.0, ""voltage"": 0.81, ""raw"": 0.81, ""line"": ""25,0.81"", ""t"": 6.087929800036363}",25.0,0.81,0.81,"25,0.81",
77,grip,6.097999599995092,1,1,result,66,4,"{""temperature"": 25.0, ""voltage"": 0.81, ""raw"": 0.81, ""line"": ""25,0.81"", ""t"": 6.097999599995092}",25.0,0.81,0.81,"25,0.81",
78,grip,6.108063800027594,1,1,result,66,4,"{""temperature"": 25.0, ""voltage"": 0.81, ""raw"": 0.81, ""line"": ""25,0.81"", ""t"": 6.108063800027594}",25.0,0.81,0.81,"25,0.81",
79,grip,6.118677700054832,1,1,result,66,4,"{""temperature"": 25.0, ""voltage"": 0.81, ""raw"": 0.81, ""line"": ""25,0.81"", ""t"": 6.118677700054832}",25.0,0.81,0.81,"25,0.81",
81,grip,6.128762100008316,1,1,iti,66,4,"{""temperature"": 25.0, ""voltage"": 0.81, ""raw"": 0.81, ""line"": ""25,0.81"", ""t"": 6.128762100008316}",25.0,0.81,0.81,"25,0.81",
82,grip,6.139766399981454,1,1,iti,66,4,"{""temperature"": 25.0, ""voltage"": 0.81, ""raw"": 0.81, ""line"": ""25,0.81"", ""t"": 6.139766399981454}",25.0,0.81,0.81,"25,0.81",
86,grip,6.150572600075975,1,1,iti,83,6,"{""temperature"": 25.0, ""voltage"": 0.81, ""raw"": 0.81, ""line"": ""25,0.81"", ""t"": 6.150572600075975}",25.0,0.81,0.81,"25,0.81",
88,grip,6.160880299983546,1,1,iti,83,6,"{""temperature"": 25.0, ""voltage"": 0.81, ""raw"": 0.81, ""line"": ""25,0.81"", ""t"": 6.160880299983546}",25.0,0.81,0.81,"25,0.81",
89,grip,6.17110420006793,1,1,iti,83,6,"{""temperature"": 25.0, ""voltage"": 0.81, ""raw"": 0.81, ""line"": ""25,0.81"", ""t"": 6.17110420006793}",25.0,0.81,0.81,"25,0.81",
90,grip,6.181160900043324,1,1,iti,83,6,"{""temperature"": 25.0, ""voltage"": 0.81, ""raw"": 0.81, ""line"": ""25,0.81"", ""t"": 6.181160900043324}",25.0,0.81,0.81,"25,0.81",
91,grip,6.191414000000805,1,1,iti,83,6,"{""temperature"": 25.0, ""voltage"": 0.81, ""raw"": 0.81, ""line"": ""25,0.81"", ""t"": 6.191414000000805}",25.0,0.81,0.81,"25,0.81",
92,grip,6.201959599973634,1,1,iti,83,6,"{""temperature"": 25.0, ""voltage"": 0.81, ""raw"": 0.81, ""line"": ""25,0.81"", ""t"": 6.201959599973634}",25.0,0.81,0.81,"25,0.81",
93,grip,6.2127809000667185,1,1,iti,83,6,"{""temperature"": 25.0, ""voltage"": 0.81, ""raw"": 0.81, ""line"": ""25,0.81"", ""t"": 6.2127809000667185}",25.0,0.81,0.81,"25,0.81",
94,grip,6.22349630005192,1,1,iti,83,6,"{""temperature"": 25.0, ""voltage"": 0.81, ""raw"": 0.81, ""line"": ""25,0.81"", ""t"": 6.22349630005192}",25.0,0.81,0.81,"25,0.81",
95,grip,6.2342304000630975,1,1,iti,83,6,"{""temperature"": 25.0, ""voltage"": 0.81, ""raw"": 0.81, ""line"": ""25,0.81"", ""t"": 6.2342304000630975}",25.0,0.81,0.81,"25,0.81",
96,grip,6.244668700033799,1,1,iti,83,6,"{""temperature"": 25.0, ""voltage"": 0.81, ""raw"": 0.81, ""line"": ""25,0.81"", ""t"": 6.244668700033799}",25.0,0.81,0.81,"25,0.81",
97,grip,6.2547204999718815,1,1,iti,83,6,"{""temperature"": 25.0, ""voltage"": 0.81, ""raw"": 0.81, ""line"": ""25,0.81"", ""t"": 6.2547204999718815}",25.0,0.81,0.81,"25,0.81",
99,grip,6.2650330000324175,2,1,prepare,83,6,"{""temperature"": 25.0, ""voltage"": 0.81, ""raw"": 0.81, ""line"": ""25,0.81"", ""t"": 6.2650330000324175}",25.0,0.81,0.81,"25,0.81",
100,grip,6.275625000009313,2,1,prepare,83,6,"{""temperature"": 25.0, ""voltage"": 0.81, ""raw"": 0.81, ""line"": ""25,0.81"", ""t"": 6.275625000009313}",25.0,0.81,0.81,"25,0.81",
103,grip,6.2858111000387,2,1,prepare,101,2,"{""temperature"": 25.0, ""voltage"": 0.81, ""raw"": 0.81, ""line"": ""25,0.81"", ""t"": 6.2858111000387}",25.0,0.81,0.81,"25,0.81",
105,grip,6.296705799992196,2,1,prepare,101,2,"{""temperature"": 25.0, ""voltage"": 0.81, ""raw"": 0.81, ""line"": ""25,0.81"", ""t"": 6.296705799992196}",25.0,0.81,0.81,"25,0.81",
106,grip,6.306899699964561,2,1,prepare,101,2,"{""temperature"": 25.0, ""voltage"": 0.81, ""raw"": 0.81, ""line"": ""25,0.81"", ""t"": 6.306899699964561}",25.0,0.81,0.81,"25,0.81",
107,grip,6.316963299992494,2,1,prepare,101,2,"{""temperature"": 25.0, ""voltage"": 0.81, ""raw"": 0.81, ""line"": ""25,0.81"", ""t"": 6.316963299992494}",25.0,0.81,0.81,"25,0.81",
108,grip,6.327037599985488,2,1,prepare,101,2,"{""temperature"": 25.0, ""voltage"": 0.81, ""raw"": 0.81, ""line"": ""25,0.81"", ""t"": 6.327037599985488}",25.0,0.81,0.81,"25,0.81",
109,grip,6.337111499975435,2,1,prepare,101,2,"{""temperature"": 25.0, ""voltage"": 0.81, ""raw"": 0.81, ""line"": ""25,0.81"", ""t"": 6.337111499975435}",25.0,0.81,0.81,"25,0.81",
110,grip,6.347607800038531,2,1,prepare,101,2,"{""temperature"": 25.0, ""voltage"": 0.81, ""raw"": 0.81, ""line"": ""25,0.81"", ""t"": 6.347607800038531}",25.0,0.81,0.81,"25,0.81",
111,grip,6.3578828000463545,2,1,prepare,101,2,"{""temperature"": 25.0, ""voltage"": 0.81, ""raw"": 0.81, ""line"": ""25,0.81"", ""t"": 6.3578828000463545}",25.0,0.81,0.81,"25,0.81",
112,grip,6.368177099968307,2,1,prepare,101,2,"{""temperature"": 25.0, ""voltage"": 0.81, ""raw"": 0.81, ""line"": ""25,0.81"", ""t"": 6.368177099968307}",25.0,0.81,0.81,"25,0.81",
114,grip,6.379635200020857,2,1,feedback,101,2,"{""temperature"": 25.0, ""voltage"": 0.81, ""raw"": 0.81, ""line"": ""25,0.81"", ""t"": 6.379635200020857}",25.0,0.81,0.81,"25,0.81",
115,grip,6.39011090004351,2,1,feedback,101,2,"{""temperature"": 25.0, ""voltage"": 0.81, ""raw"": 0.81, ""line"": ""25,0.81"", ""t"": 6.39011090004351}",25.0,0.81,0.81,"25,0.81",
118,grip,6.400179899996147,2,1,feedback,116,3,"{""temperature"": 25.0, ""voltage"": 0.81, ""raw"": 0.81, ""line"": ""25,0.81"", ""t"": 6.400179899996147}",25.0,0.81,0.81,"25,0.81",
120,grip,6.410557199968025,2,1,feedback,116,3,"{""temperature"": 25.0, ""voltage"": 0.81, ""raw"": 0.81, ""line"": ""25,0.81"", ""t"": 6.410557199968025}",25.0,0.81,0.81,"25,0.81",
121,grip,6.4209275000030175,2,1,feedback,116,3,"{""temperature"": 25.0, ""voltage"": 0.81, ""raw"": 0.81, ""line"": ""25,0.81"", ""t"": 6.4209275000030175}",25.0,0.81,0.81,"25,0.81",
122,grip,6.4311684999847785,2,1,feedback,116,3,"{""temperature"": 25.0, ""voltage"": 0.81, ""raw"": 0.81, ""line"": ""25,0.81"", ""t"": 6.4311684999847785}",25.0,0.81,0.81,"25,0.81",
123,grip,6.441476800013334,2,1,feedback,116,3,"{""temperature"": 25.0, ""voltage"": 0.81, ""raw"": 0.81, ""line"": ""25,0.81"", ""t"": 6.441476800013334}",25.0,0.81,0.81,"25,0.81",
124,grip,6.451530299964361,2,1,feedback,116,3,"{""temperature"": 25.0, ""voltage"": 0.81, ""raw"": 0.81, ""line"": ""25,0.81"", ""t"": 6.451530299964361}",25.0,0.81,0.81,"25,0.81",
125,grip,6.463607700075954,2,1,feedback,116,3,"{""temperature"": 25.0, ""voltage"": 0.81, ""raw"": 0.81, ""line"": ""25,0.81"", ""t"": 6.463607700075954}",25.0,0.81,0.81,"25,0.81",
126,grip,6.473679200047627,2,1,feedback,116,3,"{""temperature"": 25.0, ""voltage"": 0.81, ""raw"": 0.81, ""line"": ""25,0.81"", ""t"": 6.473679200047627}",25.0,0.81,0.81,"25,0.81",
127,grip,6.483721900032833,2,1,feedback,116,3,"{""temperature"": 25.0, ""voltage"": 0.81, ""raw"": 0.81, ""line"": ""25,0.81"", ""t"": 6.483721900032833}",25.0,0.81,0.81,"25,0.81",
129,grip,6.494589200010523,2,1,feedback,116,3,"{""temperature"": 25.0, ""voltage"": 0.81, ""raw"": 0.81, ""line"": ""25,0.81"", ""t"": 6.494589200010523}",25.0,0.81,0.81,"25,0.81",
130,grip,6.504658499965444,2,1,feedback,116,3,"{""temperature"": 25.0, ""voltage"": 0.81, ""raw"": 0.81, ""line"": ""25,0.81"", ""t"": 6.504658499965444}",25.0,0.81,0.81,"25,0.81",
131,grip,6.51471360004507,2,1,feedback,116,3,"{""temperature"": 25.0, ""voltage"": 0.81, ""raw"": 0.81, ""line"": ""25,0.81"", ""t"": 6.51471360004507}",25.0,0.81,0.81,"25,0.81",
132,grip,6.524974700063467,2,1,feedback,116,3,"{""temperature"": 25.0, ""voltage"": 0.81, ""raw"": 0.81, ""line"": ""25,0.81"", ""t"": 6.524974700063467}",25.0,0.81,0.81,"25,0.81",
133,grip,6.535963500034995,2,1,feedback,116,3,"{""temperature"": 25.0, ""voltage"": 0.81, ""raw"": 0.81, ""line"": ""25,0.81"", ""t"": 6.535963500034995}",25.0,0.81,0.81,"25,0.81",
134,grip,6.5482053000014275,2,1,feedback,116,3,"{""temperature"": 25.0, ""voltage"": 0.81, ""raw"": 0.81, ""line"": ""25,0.81"", ""t"": 6.5482053000014275}",25.0,0.81,0.81,"25,0.81",
135,grip,6.5584874000633135,2,1,feedback,116,3,"{""temperature"": 25.0, ""voltage"": 0.81, ""raw"": 0.81, ""line"": ""25,0.81"", ""t"": 6.5584874000633135}",25.0,0.81,0.81,"25,0.81",
136,grip,6.569214100018144,2,1,feedback,116,3,"{""temperature"": 25.0, ""voltage"": 0.81, ""raw"": 0.81, ""line"": ""25,0.81"", ""t"": 6.569214100018144}",25.0,0.81,0.81,"25,0.81",
137,grip,6.579681199975312,2,1,feedback,116,3,"{""temperature"": 25.0, ""voltage"": 0.81, ""raw"": 0.81, ""line"": ""25,0.81"", ""t"": 6.579681199975312}",25.0,0.81,0.81,"25,0.81",
138,grip,6.589742399984971,2,1,feedback,116,3,"{""temperature"": 25.0, ""voltage"": 0.81, ""raw"": 0.81, ""line"": ""25,0.81"", ""t"": 6.589742399984971}",25.0,0.81,0.81,"25,0.81",
139,grip,6.599787999992259,2,1,feedback,116,3,"{""temperature"": 25.0, ""voltage"": 0.81, ""raw"": 0.81, ""line"": ""25,0.81"", ""t"": 6.599787999992259}",25.0,0.81,0.81,"25,0.81",
140,grip,6.609851700020954,2,1,feedback,116,3,"{""temperature"": 25.0, ""voltage"": 0.81, ""raw"": 0.81, ""line"": ""25,0.81"", ""t"": 6.609851700020954}",25.0,0.81,0.81,"25,0.81",
141,grip,6.620485799969174,2,1,feedback,116,3,"{""temperature"": 25.0, ""voltage"": 0.81, ""raw"": 0.81, ""line"": ""25,0.81"", ""t"": 6.620485799969174}",25.0,0.81,0.81,"25,0.81",
143,grip,6.6305498000001535,2,1,result,116,3,"{""temperature"": 25.0, ""voltage"": 0.81, ""raw"": 0.81, ""line"": ""25,0.81"", ""t"": 6.6305498000001535}",25.0,0.81,0.81,"25,0.81",
144,grip,6.641354099963792,2,1,result,116,3,"{""temperature"": 25.0, ""voltage"": 0.81, ""raw"": 0.81, ""line"": ""25,0.81"", ""t"": 6.641354099963792}",25.0,0.81,0.81,"25,0.81",
147,grip,6.651449400000274,2,1,result,145,4,"{""temperature"": 25.0, ""voltage"": 0.81, ""raw"": 0.81, ""line"": ""25,0.81"", ""t"": 6.651449400000274}",25.0,0.81,0.81,"25,0.81",
149,grip,6.661554499994963,2,1,result,145,4,"{""temperature"": 25.0, ""voltage"": 0.81, ""raw"": 0.81, ""line"": ""25,0.81"", ""t"": 6.661554499994963}",25.0,0.81,0.81,"25,0.81",
150,grip,6.672510700067505,2,1,result,145,4,"{""temperature"": 25.0, ""voltage"": 0.81, ""raw"": 0.81, ""line"": ""25,0.81"", ""t"": 6.672510700067505}",25.0,0.81,0.81,"25,0.81",
151,grip,6.683165400056168,2,1,result,145,4,"{""temperature"": 25.0, ""voltage"": 0.81, ""raw"": 0.81, ""line"": ""25,0.81"", ""t"": 6.683165400056168}",25.0,0.81,0.81,"25,0.81",
152,grip,6.693668200052343,2,1,result,145,4,"{""temperature"": 25.0, ""voltage"": 0.81, ""raw"": 0.81, ""line"": ""25,0.81"", ""t"": 6.693668200052343}",25.0,0.81,0.81,"25,0.81",
153,grip,6.703791100066155,2,1,result,145,4,"{""temperature"": 25.0, ""voltage"": 0.81, ""raw"": 0.81, ""line"": ""25,0.81"", ""t"": 6.703791100066155}",25.0,0.81,0.81,"25,0.81",
154,grip,6.713927500066347,2,1,result,145,4,"{""temperature"": 25.0, ""voltage"": 0.81, ""raw"": 0.81, ""line"": ""25,0.81"", ""t"": 6.713927500066347}",25.0,0.81,0.81,"25,0.81",
155,grip,6.7244411000283435,2,1,result,145,4,"{""temperature"": 25.0, ""voltage"": 0.81, ""raw"": 0.81, ""line"": ""25,0.81"", ""t"": 6.7244411000283435}",25.0,0.81,0.81,"25,0.81",
156,grip,6.734590300009586,2,1,result,145,4,"{""temperature"": 25.0, ""voltage"": 0.81, ""raw"": 0.81, ""line"": ""25,0.81"", ""t"": 6.734590300009586}",25.0,0.81,0.81,"25,0.81",
157,grip,6.746265499969013,2,1,result,145,4,"{""temperature"": 25.0, ""voltage"": 0.81, ""raw"": 0.81, ""line"": ""25,0.81"", ""t"": 6.746265499969013}",25.0,0.81,0.81,"25,0.81",
158,grip,6.7569741000188515,2,1,result,145,4,"{""temperature"": 25.0, ""voltage"": 0.81, ""raw"": 0.81, ""line"": ""25,0.81"", ""t"": 6.7569741000188515}",25.0,0.81,0.81,"25,0.81",
160,grip,6.767463500029407,2,1,iti,145,4,"{""temperature"": 25.0, ""voltage"": 0.81, ""raw"": 0.81, ""line"": ""25,0.81"", ""t"": 6.767463500029407}",25.0,0.81,0.81,"25,0.81",
164,grip,6.778014700044878,2,1,iti,161,6,"{""temperature"": 25.0, ""voltage"": 0.81, ""raw"": 0.81, ""line"": ""25,0.81"", ""t"": 6.778014700044878}",25.0,0.81,0.81,"25,0.81",
166,grip,6.788072600029409,2,1,iti,161,6,"{""temperature"": 25.0, ""voltage"": 0.81, ""raw"": 0.81, ""line"": ""25,0.81"", ""t"": 6.788072600029409}",25.0,0.81,0.81,"25,0.81",
167,grip,6.798344900016673,2,1,iti,161,6,"{""temperature"": 25.0, ""voltage"": 0.81, ""raw"": 0.81, ""line"": ""25,0.81"", ""t"": 6.798344900016673}",25.0,0.81,0.81,"25,0.81",
168,grip,6.808490199968219,2,1,iti,161,6,"{""temperature"": 25.0, ""voltage"": 0.81, ""raw"": 0.81, ""line"": ""25,0.81"", ""t"": 6.808490199968219}",25.0,0.81,0.81,"25,0.81",
169,grip,6.819215000024997,2,1,iti,161,6,"{""temperature"": 25.0, ""voltage"": 0.81, ""raw"": 0.81, ""line"": ""25,0.81"", ""t"": 6.819215000024997}",25.0,0.81,0.81,"25,0.81",
170,grip,6.829286099993624,2,1,iti,161,6,"{""temperature"": 25.0, ""voltage"": 0.81, ""raw"": 0.81, ""line"": ""25,0.81"", ""t"": 6.829286099993624}",25.0,0.81,0.81,"25,0.81",
171,grip,6.839337000041269,2,1,iti,161,6,"{""temperature"": 25.0, ""voltage"": 0.81, ""raw"": 0.81, ""line"": ""25,0.81"", ""t"": 6.839337000041269}",25.0,0.81,0.81,"25,0.81",
172,grip,6.849395300028846,2,1,iti,161,6,"{""temperature"": 25.0, ""voltage"": 0.81, ""raw"": 0.81, ""line"": ""25,0.81"", ""t"": 6.849395300028846}",25.0,0.81,0.81,"25,0.81",
173,grip,6.859790000016801,2,1,iti,161,6,"{""temperature"": 25.0, ""voltage"": 0.81, ""raw"": 0.81, ""line"": ""25,0.81"", ""t"": 6.859790000016801}",25.0,0.81,0.81,"25,0.81",
174,grip,6.870429600006901,2,1,iti,161,6,"{""temperature"": 25.0, ""voltage"": 0.81, ""raw"": 0.81, ""line"": ""25,0.81"", ""t"": 6.870429600006901}",25.0,0.81,0.81,"25,0.81",
176,grip,6.881426000036299,3,1,prepare,161,6,"{""temperature"": 25.0, ""voltage"": 0.81, ""raw"": 0.81, ""line"": ""25,0.81"", ""t"": 6.881426000036299}",25.0,0.81,0.81,"25,0.81",
177,grip,6.892420200048946,3,1,prepare,161,6,"{""temperature"": 25.0, ""voltage"": 0.81, ""raw"": 0.81, ""line"": ""25,0.81"", ""t"": 6.892420200048946}",25.0,0.81,0.81,"25,0.81",
180,grip,6.903485700022429,3,1,prepare,178,2,"{""temperature"": 25.0, ""voltage"": 0.81, ""raw"": 0.81, ""line"": ""25,0.81"", ""t"": 6.903485700022429}",25.0,0.81,0.81,"25,0.81",
182,grip,6.913645599968731,3,1,prepare,178,2,"{""temperature"": 25.0, ""voltage"": 0.81, ""raw"": 0.81, ""line"": ""25,0.81"", ""t"": 6.913645599968731}",25.0,0.81,0.81,"25,0.81",
183,grip,6.923698500031605,3,1,prepare,178,2,"{""temperature"": 25.0, ""voltage"": 0.81, ""raw"": 0.81, ""line"": ""25,0.81"", ""t"": 6.923698500031605}",25.0,0.81,0.81,"25,0.81",
184,grip,6.934423699975014,3,1,prepare,178,2,"{""temperature"": 25.0, ""voltage"": 0.81, ""raw"": 0.81, ""line"": ""25,0.81"", ""t"": 6.934423699975014}",25.0,0.81,0.81,"25,0.81",
185,grip,6.945132500026375,3,1,prepare,178,2,"{""temperature"": 25.0, ""voltage"": 0.81, ""raw"": 0.81, ""line"": ""25,0.81"", ""t"": 6.945132500026375}",25.0,0.81,0.81,"25,0.81",
186,grip,6.9557049999712035,3,1,prepare,178,2,"{""temperature"": 25.0, ""voltage"": 0.81, ""raw"": 0.81, ""line"": ""25,0.81"", ""t"": 6.9557049999712035}",25.0,0.81,0.81,"25,0.81",
187,grip,6.965832800022326,3,1,prepare,178,2,"{""temperature"": 25.0, ""voltage"": 0.81, ""raw"": 0.81, ""line"": ""25,0.81"", ""t"": 6.965832800022326}",25.0,0.81,0.81,"25,0.81",
188,grip,6.9762916000327095,3,1,prepare,178,2,"{""temperature"": 25.0, ""voltage"": 0.81, ""raw"": 0.81, ""line"": ""25,0.81"", ""t"": 6.9762916000327095}",25.0,0.81,0.81,"25,0.81",
189,grip,6.986784600070678,3,1,prepare,178,2,"{""temperature"": 25.0, ""voltage"": 0.81, ""raw"": 0.81, ""line"": ""25,0.81"", ""t"": 6.986784600070678}",25.0,0.81,0.81,"25,0.81",
191,grip,6.999489300069399,3,1,feedback,178,2,"{""temperature"": 25.0, ""voltage"": 0.81, ""raw"": 0.81, ""line"": ""25,0.81"", ""t"": 6.999489300069399}",25.0,0.81,0.81,"25,0.81",
192,grip,7.009825100074522,3,1,feedback,178,2,"{""temperature"": 25.0, ""voltage"": 0.81, ""raw"": 0.81, ""line"": ""25,0.81"", ""t"": 7.009825100074522}",25.0,0.81,0.81,"25,0.81",
195,grip,7.020566800027154,3,1,feedback,193,3,"{""temperature"": 25.0, ""voltage"": 0.81, ""raw"": 0.81, ""line"": ""25,0.81"", ""t"": 7.020566800027154}",25.0,0.81,0.81,"25,0.81",
197,grip,7.031641100067645,3,1,feedback,193,3,"{""temperature"": 25.0, ""voltage"": 0.81, ""raw"": 0.81, ""line"": ""25,0.81"", ""t"": 7.031641100067645}",25.0,0.81,0.81,"25,0.81",
198,grip,7.042381800012663,3,1,feedback,193,3,"{""temperature"": 25.0, ""voltage"": 0.81, ""raw"": 0.81, ""line"": ""25,0.81"", ""t"": 7.042381800012663}",25.0,0.81,0.81,"25,0.81",
199,grip,7.052523300051689,3,1,feedback,193,3,"{""temperature"": 25.0, ""voltage"": 0.81, ""raw"": 0.81, ""line"": ""25,0.81"", ""t"": 7.052523300051689}",25.0,0.81,0.81,"25,0.81",
200,grip,7.06312980002258,3,1,feedback,193,3,"{""temperature"": 25.0, ""voltage"": 0.81, ""raw"": 0.81, ""line"": ""25,0.81"", ""t"": 7.06312980002258}",25.0,0.81,0.81,"25,0.81",
201,grip,7.073424000060186,3,1,feedback,193,3,"{""temperature"": 25.0, ""voltage"": 0.81, ""raw"": 0.81, ""line"": ""25,0.81"", ""t"": 7.073424000060186}",25.0,0.81,0.81,"25,0.81",
202,grip,7.084471400012262,3,1,feedback,193,3,"{""temperature"": 25.0, ""voltage"": 0.81, ""raw"": 0.81, ""line"": ""25,0.81"", ""t"": 7.084471400012262}",25.0,0.81,0.81,"25,0.81",
203,grip,7.094812000053935,3,1,feedback,193,3,"{""temperature"": 25.0, ""voltage"": 0.81, ""raw"": 0.81, ""line"": ""25,0.81"", ""t"": 7.094812000053935}",25.0,0.81,0.81,"25,0.81",
204,grip,7.104961300035939,3,1,feedback,193,3,"{""temperature"": 25.0, ""voltage"": 0.81, ""raw"": 0.81, ""line"": ""25,0.81"", ""t"": 7.104961300035939}",25.0,0.81,0.81,"25,0.81",
205,grip,7.115308100008406,3,1,feedback,193,3,"{""temperature"": 25.0, ""voltage"": 0.81, ""raw"": 0.81, ""line"": ""25,0.81"", ""t"": 7.115308100008406}",25.0,0.81,0.81,"25,0.81",
206,grip,7.125584500026889,3,1,feedback,193,3,"{""temperature"": 25.0, ""voltage"": 0.81, ""raw"": 0.81, ""line"": ""25,0.81"", ""t"": 7.125584500026889}",25.0,0.81,0.81,"25,0.81",
208,grip,7.136845299974084,3,1,feedback,193,3,"{""temperature"": 25.0, ""voltage"": 0.81, ""raw"": 0.81, ""line"": ""25,0.81"", ""t"": 7.136845299974084}",25.0,0.81,0.81,"25,0.81",
209,grip,7.147052200045437,3,1,feedback,193,3,"{""temperature"": 25.0, ""voltage"": 0.81, ""raw"": 0.81, ""line"": ""25,0.81"", ""t"": 7.147052200045437}",25.0,0.81,0.81,"25,0.81",
210,grip,7.15794389997609,3,1,feedback,193,3,"{""temperature"": 25.0, ""voltage"": 0.81, ""raw"": 0.81, ""line"": ""25,0.81"", ""t"": 7.15794389997609}",25.0,0.81,0.81,"25,0.81",
211,grip,7.168078299961053,3,1,feedback,193,3,"{""temperature"": 25.0, ""voltage"": 0.81, ""raw"": 0.81, ""line"": ""25,0.81"", ""t"": 7.168078299961053}",25.0,0.81,0.81,"25,0.81",
212,grip,7.180620700004511,3,1,feedback,193,3,"{""temperature"": 25.0, ""voltage"": 0.81, ""raw"": 0.81, ""line"": ""25,0.81"", ""t"": 7.180620700004511}",25.0,0.81,0.81,"25,0.81",
213,grip,7.1913477999623865,3,1,feedback,193,3,"{""temperature"": 25.0, ""voltage"": 0.81, ""raw"": 0.81, ""line"": ""25,0.81"", ""t"": 7.1913477999623865}",25.0,0.81,0.81,"25,0.81",
214,grip,7.2021967000328,3,1,feedback,193,3,"{""temperature"": 25.0, ""voltage"": 0.81, ""raw"": 0.81, ""line"": ""25,0.81"", ""t"": 7.2021967000328}",25.0,0.81,0.81,"25,0.81",
215,grip,7.213834100053646,3,1,feedback,193,3,"{""temperature"": 25.0, ""voltage"": 0.81, ""raw"": 0.81, ""line"": ""25,0.81"", ""t"": 7.213834100053646}",25.0,0.81,0.81,"25,0.81",
216,grip,7.223935500020161,3,1,feedback,193,3,"{""temperature"": 25.0, ""voltage"": 0.81, ""raw"": 0.81, ""line"": ""25,0.81"", ""t"": 7.223935500020161}",25.0,0.81,0.81,"25,0.81",
217,grip,7.233998600044288,3,1,feedback,193,3,"{""temperature"": 25.0, ""voltage"": 0.81, ""raw"": 0.81, ""line"": ""25,0.81"", ""t"": 7.233998600044288}",25.0,0.81,0.81,"25,0.81",
218,grip,7.2440644999733195,3,1,feedback,193,3,"{""temperature"": 25.0, ""voltage"": 0.81, ""raw"": 0.81, ""line"": ""25,0.81"", ""t"": 7.2440644999733195}",25.0,0.81,0.81,"25,0.81",
220,grip,7.254496800014749,3,1,result,193,3,"{""temperature"": 25.0, ""voltage"": 0.81, ""raw"": 0.81, ""line"": ""25,0.81"", ""t"": 7.254496800014749}",25.0,0.81,0.81,"25,0.81",
223,grip,7.265029400005005,3,1,result,221,4,"{""temperature"": 25.0, ""voltage"": 0.81, ""raw"": 0.81, ""line"": ""25,0.81"", ""t"": 7.265029400005005}",25.0,0.81,0.81,"25,0.81",
225,grip,7.275858300039545,3,1,result,221,4,"{""temperature"": 25.0, ""voltage"": 0.81, ""raw"": 0.81, ""line"": ""25,0.81"", ""t"": 7.275858300039545}",25.0,0.81,0.81,"25,0.81",
226,grip,7.286216599983163,3,1,result,221,4,"{""temperature"": 25.0, ""voltage"": 0.81, ""raw"": 0.81, ""line"": ""25,0.81"", ""t"": 7.286216599983163}",25.0,0.81,0.81,"25,0.81",
227,grip,7.296509400010109,3,1,result,221,4,"{""temperature"": 25.0, ""voltage"": 0.81, ""raw"": 0.81, ""line"": ""25,0.81"", ""t"": 7.296509400010109}",25.0,0.81,0.81,"25,0.81",
228,grip,7.307333900011145,3,1,result,221,4,"{""temperature"": 25.0, ""voltage"": 0.81, ""raw"": 0.81, ""line"": ""25,0.81"", ""t"": 7.307333900011145}",25.0,0.81,0.81,"25,0.81",
229,grip,7.317624100018293,3,1,result,221,4,"{""temperature"": 25.0, ""voltage"": 0.81, ""raw"": 0.81, ""line"": ""25,0.81"", ""t"": 7.317624100018293}",25.0,0.81,0.81,"25,0.81",
230,grip,7.328590300050564,3,1,result,221,4,"{""temperature"": 25.0, ""voltage"": 0.81, ""raw"": 0.81, ""line"": ""25,0.81"", ""t"": 7.328590300050564}",25.0,0.81,0.81,"25,0.81",
231,grip,7.3390353000722826,3,1,result,221,4,"{""temperature"": 25.0, ""voltage"": 0.81, ""raw"": 0.81, ""line"": ""25,0.81"", ""t"": 7.3390353000722826}",25.0,0.81,0.81,"25,0.81",
232,grip,7.349089400027879,3,1,result,221,4,"{""temperature"": 25.0, ""voltage"": 0.81, ""raw"": 0.81, ""line"": ""25,0.81"", ""t"": 7.349089400027879}",25.0,0.81,0.81,"25,0.81",
233,grip,7.35978649999015,3,1,result,221,4,"{""temperature"": 25.0, ""voltage"": 0.81, ""raw"": 0.81, ""line"": ""25,0.81"", ""t"": 7.35978649999015}",25.0,0.81,0.81,"25,0.81",
234,grip,7.370083200046793,3,1,result,221,4,"{""temperature"": 25.0, ""voltage"": 0.81, ""raw"": 0.81, ""line"": ""25,0.81"", ""t"": 7.370083200046793}",25.0,0.81,0.81,"25,0.81",
236,grip,7.380888300016522,3,1,iti,221,4,"{""temperature"": 25.0, ""voltage"": 0.81, ""raw"": 0.81, ""line"": ""25,0.81"", ""t"": 7.380888300016522}",25.0,0.81,0.81,"25,0.81",
237,grip,7.391577600035816,3,1,iti,221,4,"{""temperature"": 25.0, ""voltage"": 0.81, ""raw"": 0.81, ""line"": ""25,0.81"", ""t"": 7.391577600035816}",25.0,0.81,0.81,"25,0.81",
241,grip,7.401766299968585,3,1,iti,238,6,"{""temperature"": 25.0, ""voltage"": 0.81, ""raw"": 0.81, ""line"": ""25,0.81"", ""t"": 7.401766299968585}",25.0,0.81,0.81,"25,0.81",
243,grip,7.412252900074236,3,1,iti,238,6,"{""temperature"": 25.0, ""voltage"": 0.81, ""raw"": 0.81, ""line"": ""25,0.81"", ""t"": 7.412252900074236}",25.0,0.81,0.81,"25,0.81",
244,grip,7.422765500028618,3,1,iti,238,6,"{""temperature"": 25.0, ""voltage"": 0.81, ""raw"": 0.81, ""line"": ""25,0.81"", ""t"": 7.422765500028618}",25.0,0.81,0.81,"25,0.81",
245,grip,7.432837600004859,3,1,iti,238,6,"{""temperature"": 25.0, ""voltage"": 0.81, ""raw"": 0.81, ""line"": ""25,0.81"", ""t"": 7.432837600004859}",25.0,0.81,0.81,"25,0.81",
246,grip,7.443373800022528,3,1,iti,238,6,"{""temperature"": 25.0, ""voltage"": 0.81, ""raw"": 0.81, ""line"": ""25,0.81"", ""t"": 7.443373800022528}",25.0,0.81,0.81,"25,0.81",
247,grip,7.453516200068407,3,1,iti,238,6,"{""temperature"": 25.0, ""voltage"": 0.81, ""raw"": 0.81, ""line"": ""25,0.81"", ""t"": 7.453516200068407}",25.0,0.81,0.81,"25,0.81",
248,grip,7.463607600075193,3,1,iti,238,6,"{""temperature"": 25.0, ""voltage"": 0.81, ""raw"": 0.81, ""line"": ""25,0.81"", ""t"": 7.463607600075193}",25.0,0.81,0.81,"25,0.81",
249,grip,7.474641700042412,3,1,iti,238,6,"{""temperature"": 25.0, ""voltage"": 0.81, ""raw"": 0.81, ""line"": ""25,0.81"", ""t"": 7.474641700042412}",25.0,0.81,0.81,"25,0.81",
250,grip,7.485643599997275,3,1,iti,238,6,"{""temperature"": 25.0, ""voltage"": 0.81, ""raw"": 0.81, ""line"": ""25,0.81"", ""t"": 7.485643599997275}",25.0,0.81,0.81,"25,0.81",
251,grip,7.495709000038914,3,1,iti,238,6,"{""temperature"": 25.0, ""voltage"": 0.81, ""raw"": 0.81, ""line"": ""25,0.81"", ""t"": 7.495709000038914}",25.0,0.81,0.81,"25,0.81",
252,grip,7.505953400046565,3,1,iti,238,6,"{""temperature"": 25.0, ""voltage"": 0.81, ""raw"": 0.81, ""line"": ""25,0.81"", ""t"": 7.505953400046565}",25.0,0.81,0.81,"25,0.81",
254,grip,7.516638100030832,4,1,prepare,238,6,"{""temperature"": 25.0, ""voltage"": 0.81, ""raw"": 0.81, ""line"": ""25,0.81"", ""t"": 7.516638100030832}",25.0,0.81,0.81,"25,0.81",
255,grip,7.5270648000296205,4,1,prepare,238,6,"{""temperature"": 25.0, ""voltage"": 0.81, ""raw"": 0.81, ""line"": ""25,0.81"", ""t"": 7.5270648000296205}",25.0,0.81,0.81,"25,0.81",
258,grip,7.537135499995202,4,1,prepare,256,2,"{""temperature"": 25.0, ""voltage"": 0.81, ""raw"": 0.81, ""line"": ""25,0.81"", ""t"": 7.537135499995202}",25.0,0.81,0.81,"25,0.81",
260,grip,7.547841800027527,4,1,prepare,256,2,"{""temperature"": 25.0, ""voltage"": 0.81, ""raw"": 0.81, ""line"": ""25,0.81"", ""t"": 7.547841800027527}",25.0,0.81,0.81,"25,0.81",
261,grip,7.5579076000722125,4,1,prepare,256,2,"{""temperature"": 25.0, ""voltage"": 0.81, ""raw"": 0.81, ""line"": ""25,0.81"", ""t"": 7.5579076000722125}",25.0,0.81,0.81,"25,0.81",
262,grip,7.568330600042827,4,1,prepare,256,2,"{""temperature"": 25.0, ""voltage"": 0.81, ""raw"": 0.81, ""line"": ""25,0.81"", ""t"": 7.568330600042827}",25.0,0.81,0.81,"25,0.81",
263,grip,7.578958900063299,4,1,prepare,256,2,"{""temperature"": 25.0, ""voltage"": 0.81, ""raw"": 0.81, ""line"": ""25,0.81"", ""t"": 7.578958900063299}",25.0,0.81,0.81,"25,0.81",
264,grip,7.59058640000876,4,1,prepare,256,2,"{""temperature"": 25.0, ""voltage"": 0.81, ""raw"": 0.81, ""line"": ""25,0.81"", ""t"": 7.59058640000876}",25.0,0.81,0.81,"25,0.81",
265,grip,7.600688699982129,4,1,prepare,256,2,"{""temperature"": 25.0, ""voltage"": 0.81, ""raw"": 0.81, ""line"": ""25,0.81"", ""t"": 7.600688699982129}",25.0,0.81,0.81,"25,0.81",
266,grip,7.610771600040607,4,1,prepare,256,2,"{""temperature"": 25.0, ""voltage"": 0.81, ""raw"": 0.81, ""line"": ""25,0.81"", ""t"": 7.610771600040607}",25.0,0.81,0.81,"25,0.81",
267,grip,7.620860200026073,4,1,prepare,256,2,"{""temperature"": 25.0, ""voltage"": 0.81, ""raw"": 0.81, ""line"": ""25,0.81"", ""t"": 7.620860200026073}",25.0,0.81,0.81,"25,0.81",
269,grip,7.630938000045717,4,1,feedback,256,2,"{""temperature"": 25.0, ""voltage"": 0.81, ""raw"": 0.81, ""line"": ""25,0.81"", ""t"": 7.630938000045717}",25.0,0.81,0.81,"25,0.81",
270,grip,7.641192200011574,4,1,feedback,256,2,"{""temperature"": 25.0, ""voltage"": 0.81, ""raw"": 0.81, ""line"": ""25,0.81"", ""t"": 7.641192200011574}",25.0,0.81,0.81,"25,0.81",
273,grip,7.651306799962185,4,1,feedback,271,3,"{""temperature"": 25.0, ""voltage"": 0.81, ""raw"": 0.81, ""line"": ""25,0.81"", ""t"": 7.651306799962185}",25.0,0.81,0.81,"25,0.81",
275,grip,7.661845399998128,4,1,feedback,271,3,"{""temperature"": 25.0, ""voltage"": 0.81, ""raw"": 0.81, ""line"": ""25,0.81"", ""t"": 7.661845399998128}",25.0,0.81,0.81,"25,0.81",
276,grip,7.67265890003182,4,1,feedback,271,3,"{""temperature"": 25.0, ""voltage"": 0.81, ""raw"": 0.81, ""line"": ""25,0.81"", ""t"": 7.67265890003182}",25.0,0.81,0.81,"25,0.81",
277,grip,7.683006100007333,4,1,feedback,271,3,"{""temperature"": 25.0, ""voltage"": 0.81, ""raw"": 0.81, ""line"": ""25,0.81"", ""t"": 7.683006100007333}",25.0,0.81,0.81,"25,0.81",
278,grip,7.693858699989505,4,1,feedback,271,3,"{""temperature"": 25.0, ""voltage"": 0.81, ""raw"": 0.81, ""line"": ""25,0.81"", ""t"": 7.693858699989505}",25.0,0.81,0.81,"25,0.81",
279,grip,7.704220699961297,4,1,feedback,271,3,"{""temperature"": 25.0, ""voltage"": 0.81, ""raw"": 0.81, ""line"": ""25,0.81"", ""t"": 7.704220699961297}",25.0,0.81,0.81,"25,0.81",
280,grip,7.7148293000645936,4,1,feedback,271,3,"{""temperature"": 25.0, ""voltage"": 0.81, ""raw"": 0.81, ""line"": ""25,0.81"", ""t"": 7.7148293000645936}",25.0,0.81,0.81,"25,0.81",
281,grip,7.724915500031784,4,1,feedback,271,3,"{""temperature"": 25.0, ""voltage"": 0.81, ""raw"": 0.81, ""line"": ""25,0.81"", ""t"": 7.724915500031784}",25.0,0.81,0.81,"25,0.81",
282,grip,7.7356648000422865,4,1,feedback,271,3,"{""temperature"": 25.0, ""voltage"": 0.81, ""raw"": 0.81, ""line"": ""25,0.81"", ""t"": 7.7356648000422865}",25.0,0.81,0.81,"25,0.81",
284,grip,7.747094499995001,4,1,feedback,271,3,"{""temperature"": 25.0, ""voltage"": 0.81, ""raw"": 0.81, ""line"": ""25,0.81"", ""t"": 7.747094499995001}",25.0,0.81,0.81,"25,0.81",
285,grip,7.757487599970773,4,1,feedback,271,3,"{""temperature"": 25.0, ""voltage"": 0.81, ""raw"": 0.81, ""line"": ""25,0.81"", ""t"": 7.757487599970773}",25.0,0.81,0.81,"25,0.81",
286,grip,7.767580199986696,4,1,feedback,271,3,"{""temperature"": 25.0, ""voltage"": 0.81, ""raw"": 0.81, ""line"": ""25,0.81"", ""t"": 7.767580199986696}",25.0,0.81,0.81,"25,0.81",
287,grip,7.778093600063585,4,1,feedback,271,3,"{""temperature"": 25.0, ""voltage"": 0.81, ""raw"": 0.81, ""line"": ""25,0.81"", ""t"": 7.778093600063585}",25.0,0.81,0.81,"25,0.81",
288,grip,7.788735300069675,4,1,feedback,271,3,"{""temperature"": 25.0, ""voltage"": 0.81, ""raw"": 0.81, ""line"": ""25,0.81"", ""t"": 7.788735300069675}",25.0,0.81,0.81,"25,0.81",
289,grip,7.799743300070986,4,1,feedback,271,3,"{""temperature"": 25.0, ""voltage"": 0.81, ""raw"": 0.81, ""line"": ""25,0.81"", ""t"": 7.799743300070986}",25.0,0.81,0.81,"25,0.81",
290,grip,7.809996300027706,4,1,feedback,271,3,"{""temperature"": 25.0, ""voltage"": 0.81, ""raw"": 0.81, ""line"": ""25,0.81"", ""t"": 7.809996300027706}",25.0,0.81,0.81,"25,0.81",
291,grip,7.820554499980062,4,1,feedback,271,3,"{""temperature"": 25.0, ""voltage"": 0.81, ""raw"": 0.81, ""line"": ""25,0.81"", ""t"": 7.820554499980062}",25.0,0.81,0.81,"25,0.81",
292,grip,7.83132040000055,4,1,feedback,271,3,"{""temperature"": 25.0, ""voltage"": 0.81, ""raw"": 0.81, ""line"": ""25,0.81"", ""t"": 7.83132040000055}",25.0,0.81,0.81,"25,0.81",
293,grip,7.841417100047693,4,1,feedback,271,3,"{""temperature"": 25.0, ""voltage"": 0.81, ""raw"": 0.81, ""line"": ""25,0.81"", ""t"": 7.841417100047693}",25.0,0.81,0.81,"25,0.81",
294,grip,7.852059800061397,4,1,feedback,271,3,"{""temperature"": 25.0, ""voltage"": 0.81, ""raw"": 0.81, ""line"": ""25,0.81"", ""t"": 7.852059800061397}",25.0,0.81,0.81,"25,0.81",
295,grip,7.862229499965906,4,1,feedback,271,3,"{""temperature"": 25.0, ""voltage"": 0.81, ""raw"": 0.81, ""line"": ""25,0.81"", ""t"": 7.862229499965906}",25.0,0.81,0.81,"25,0.81",
296,grip,7.872328600031324,4,1,feedback,271,3,"{""temperature"": 25.0, ""voltage"": 0.81, ""raw"": 0.81, ""line"": ""25,0.81"", ""t"": 7.872328600031324}",25.0,0.81,0.81,"25,0.81",
298,grip,7.8827974000014365,4,1,result,271,3,"{""temperature"": 25.0, ""voltage"": 0.81, ""raw"": 0.81, ""line"": ""25,0.81"", ""t"": 7.8827974000014365}",25.0,0.81,0.81,"25,0.81",
299,grip,7.893738600076176,4,1,result,271,3,"{""temperature"": 25.0, ""voltage"": 0.81, ""raw"": 0.81, ""line"": ""25,0.81"", ""t"": 7.893738600076176}",25.0,0.81,0.81,"25,0.81",
302,grip,7.9038916999707,4,1,result,300,4,"{""temperature"": 25.0, ""voltage"": 0.81, ""raw"": 0.81, ""line"": ""25,0.81"", ""t"": 7.9038916999707}",25.0,0.81,0.81,"25,0.81",
304,grip,7.914047199999914,4,1,result,300,4,"{""temperature"": 25.0, ""voltage"": 0.81, ""raw"": 0.81, ""line"": ""25,0.81"", ""t"": 7.914047199999914}",25.0,0.81,0.81,"25,0.81",
305,grip,7.924665700062178,4,1,result,300,4,"{""temperature"": 25.0, ""voltage"": 0.81, ""raw"": 0.81, ""line"": ""25,0.81"", ""t"": 7.924665700062178}",25.0,0.81,0.81,"25,0.81",
306,grip,7.935936899972148,4,1,result,300,4,"{""temperature"": 25.0, ""voltage"": 0.81, ""raw"": 0.81, ""line"": ""25,0.81"", ""t"": 7.935936899972148}",25.0,0.81,0.81,"25,0.81",
307,grip,7.9472579000284895,4,1,result,300,4,"{""temperature"": 25.0, ""voltage"": 0.81, ""raw"": 0.81, ""line"": ""25,0.81"", ""t"": 7.9472579000284895}",25.0,0.81,0.81,"25,0.81",
308,grip,7.957341099972837,4,1,result,300,4,"{""temperature"": 25.0, ""voltage"": 0.81, ""raw"": 0.81, ""line"": ""25,0.81"", ""t"": 7.957341099972837}",25.0,0.81,0.81,"25,0.81",
309,grip,7.96772910002619,4,1,result,300,4,"{""temperature"": 25.0, ""voltage"": 0.81, ""raw"": 0.81, ""line"": ""25,0.81"", ""t"": 7.96772910002619}",25.0,0.81,0.81,"25,0.81",
310,grip,7.9795465000206605,4,1,result,300,4,"{""temperature"": 25.0, ""voltage"": 0.81, ""raw"": 0.81, ""line"": ""25,0.81"", ""t"": 7.9795465000206605}",25.0,0.81,0.81,"25,0.81",
311,grip,7.989785399986431,4,1,result,300,4,"{""temperature"": 25.0, ""voltage"": 0.81, ""raw"": 0.81, ""line"": ""25,0.81"", ""t"": 7.989785399986431}",25.0,0.81,0.81,"25,0.81",
312,grip,8.000771600054577,4,1,result,300,4,"{""temperature"": 25.0, ""voltage"": 0.81, ""raw"": 0.81, ""line"": ""25,0.81"", ""t"": 8.000771600054577}",25.0,0.81,0.81,"25,0.81",
314,grip,8.011597200063989,4,1,iti,300,4,"{""temperature"": 25.0, ""voltage"": 0.81, ""raw"": 0.81, ""line"": ""25,0.81"", ""t"": 8.011597200063989}",25.0,0.81,0.81,"25,0.81",
315,grip,8.022138200001791,4,1,iti,300,4,"{""temperature"": 25.0, ""voltage"": 0.81, ""raw"": 0.81, ""line"": ""25,0.81"", ""t"": 8.022138200001791}",25.0,0.81,0.81,"25,0.81",
319,grip,8.032563199987635,4,1,iti,316,6,"{""temperature"": 25.0, ""voltage"": 0.81, ""raw"": 0.81, ""line"": ""25,0.81"", ""t"": 8.032563199987635}",25.0,0.81,0.81,"25,0.81",
321,grip,8.043583999969997,4,1,iti,316,6,"{""temperature"": 25.0, ""voltage"": 0.81, ""raw"": 0.81, ""line"": ""25,0.81"", ""t"": 8.043583999969997}",25.0,0.81,0.81,"25,0.81",
322,grip,8.053971700021066,4,1,iti,316,6,"{""temperature"": 25.0, ""voltage"": 0.81, ""raw"": 0.81, ""line"": ""25,0.81"", ""t"": 8.053971700021066}",25.0,0.81,0.81,"25,0.81",
323,grip,8.064087999984622,4,1,iti,316,6,"{""temperature"": 25.0, ""voltage"": 0.81, ""raw"": 0.81, ""line"": ""25,0.81"", ""t"": 8.064087999984622}",25.0,0.81,0.81,"25,0.81",
324,grip,8.075048799975775,4,1,iti,316,6,"{""temperature"": 25.0, ""voltage"": 0.81, ""raw"": 0.81, ""line"": ""25,0.81"", ""t"": 8.075048799975775}",25.0,0.81,0.81,"25,0.81",
325,grip,8.08510450005997,4,1,iti,316,6,"{""temperature"": 25.0, ""voltage"": 0.81, ""raw"": 0.81, ""line"": ""25,0.81"", ""t"": 8.08510450005997}",25.0,0.81,0.81,"25,0.81",
326,grip,8.095782599993981,4,1,iti,316,6,"{""temperature"": 25.0, ""voltage"": 0.81, ""raw"": 0.81, ""line"": ""25,0.81"", ""t"": 8.095782599993981}",25.0,0.81,0.81,"25,0.81",
327,grip,8.108768800040707,4,1,iti,316,6,"{""temperature"": 25.0, ""voltage"": 0.81, ""raw"": 0.81, ""line"": ""25,0.81"", ""t"": 8.108768800040707}",25.0,0.81,0.81,"25,0.81",
328,grip,8.118858000030741,4,1,iti,316,6,"{""temperature"": 25.0, ""voltage"": 0.81, ""raw"": 0.81, ""line"": ""25,0.81"", ""t"": 8.118858000030741}",25.0,0.81,0.81,"25,0.81",
329,grip,8.129028900060803,4,1,iti,316,6,"{""temperature"": 25.0, ""voltage"": 0.81, ""raw"": 0.81, ""line"": ""25,0.81"", ""t"": 8.129028900060803}",25.0,0.81,0.81,"25,0.81",
331,grip,8.139598799985833,5,1,prepare,316,6,"{""temperature"": 25.0, ""voltage"": 0.81, ""raw"": 0.81, ""line"": ""25,0.81"", ""t"": 8.139598799985833}",25.0,0.81,0.81,"25,0.81",
334,grip,8.149657399975695,5,1,prepare,332,2,"{""temperature"": 25.0, ""voltage"": 0.81, ""raw"": 0.81, ""line"": ""25,0.81"", ""t"": 8.149657399975695}",25.0,0.81,0.81,"25,0.81",
336,grip,8.159743000054732,5,1,prepare,332,2,"{""temperature"": 25.0, ""voltage"": 0.81, ""raw"": 0.81, ""line"": ""25,0.81"", ""t"": 8.159743000054732}",25.0,0.81,0.81,"25,0.81",
337,grip,8.169963599997573,5,1,prepare,332,2,"{""temperature"": 25.0, ""voltage"": 0.81, ""raw"": 0.81, ""line"": ""25,0.81"", ""t"": 8.169963599997573}",25.0,0.81,0.81,"25,0.81",
338,grip,8.180081899976358,5,1,prepare,332,2,"{""temperature"": 25.0, ""voltage"": 0.81, ""raw"": 0.81, ""line"": ""25,0.81"", ""t"": 8.180081899976358}",25.0,0.81,0.81,"25,0.81",
339,grip,8.19046980002895,5,1,prepare,332,2,"{""temperature"": 25.0, ""voltage"": 0.81, ""raw"": 0.81, ""line"": ""25,0.81"", ""t"": 8.19046980002895}",25.0,0.81,0.81,"25,0.81",
340,grip,8.200519300065935,5,1,prepare,332,2,"{""temperature"": 25.0, ""voltage"": 0.81, ""raw"": 0.81, ""line"": ""25,0.81"", ""t"": 8.200519300065935}",25.0,0.81,0.81,"25,0.81",
341,grip,8.210669200052507,5,1,prepare,332,2,"{""temperature"": 25.0, ""voltage"": 0.81, ""raw"": 0.81, ""line"": ""25,0.81"", ""t"": 8.210669200052507}",25.0,0.81,0.81,"25,0.81",
342,grip,8.220778799965046,5,1,prepare,332,2,"{""temperature"": 25.0, ""voltage"": 0.81, ""raw"": 0.81, ""line"": ""25,0.81"", ""t"": 8.220778799965046}",25.0,0.81,0.81,"25,0.81",
343,grip,8.231161899981089,5,1,prepare,332,2,"{""temperature"": 25.0, ""voltage"": 0.81, ""raw"": 0.81, ""line"": ""25,0.81"", ""t"": 8.231161899981089}",25.0,0.81,0.81,"25,0.81",
344,grip,8.241620299988426,5,1,prepare,332,2,"{""temperature"": 25.0, ""voltage"": 0.81, ""raw"": 0.81, ""line"": ""25,0.81"", ""t"": 8.241620299988426}",25.0,0.81,0.81,"25,0.81",
346,grip,8.251707299961708,5,1,feedback,332,2,"{""temperature"": 25.0, ""voltage"": 0.81, ""raw"": 0.81, ""line"": ""25,0.81"", ""t"": 8.251707299961708}",25.0,0.81,0.81,"25,0.81",
349,grip,8.264257300063036,5,1,feedback,347,3,"{""temperature"": 25.0, ""voltage"": 0.81, ""raw"": 0.81, ""line"": ""25,0.81"", ""t"": 8.264257300063036}",25.0,0.81,0.81,"25,0.81",
351,grip,8.27433539996855,5,1,feedback,347,3,"{""temperature"": 25.0, ""voltage"": 0.81, ""raw"": 0.81, ""line"": ""25,0.81"", ""t"": 8.27433539996855}",25.0,0.81,0.81,"25,0.81",
352,grip,8.28437600005418,5,1,feedback,347,3,"{""temperature"": 25.0, ""voltage"": 0.81, ""raw"": 0.81, ""line"": ""25,0.81"", ""t"": 8.28437600005418}",25.0,0.81,0.81,"25,0.81",
353,grip,8.29689670004882,5,1,feedback,347,3,"{""temperature"": 25.0, ""voltage"": 0.81, ""raw"": 0.81, ""line"": ""25,0.81"", ""t"": 8.29689670004882}",25.0,0.81,0.81,"25,0.81",
354,grip,8.307004400063306,5,1,feedback,347,3,"{""temperature"": 25.0, ""voltage"": 0.81, ""raw"": 0.81, ""line"": ""25,0.81"", ""t"": 8.307004400063306}",25.0,0.81,0.81,"25,0.81",
355,grip,8.317414900055155,5,1,feedback,347,3,"{""temperature"": 25.0, ""voltage"": 0.81, ""raw"": 0.81, ""line"": ""25,0.81"", ""t"": 8.317414900055155}",25.0,0.81,0.81,"25,0.81",
356,grip,8.328039500047453,5,1,feedback,347,3,"{""temperature"": 25.0, ""voltage"": 0.81, ""raw"": 0.81, ""line"": ""25,0.81"", ""t"": 8.328039500047453}",25.0,0.81,0.81,"25,0.81",
357,grip,8.338159900042228,5,1,feedback,347,3,"{""temperature"": 25.0, ""voltage"": 0.81, ""raw"": 0.81, ""line"": ""25,0.81"", ""t"": 8.338159900042228}",25.0,0.81,0.81,"25,0.81",
358,grip,8.348214099998586,5,1,feedback,347,3,"{""temperature"": 25.0, ""voltage"": 0.81, ""raw"": 0.81, ""line"": ""25,0.81"", ""t"": 8.348214099998586}",25.0,0.81,0.81,"25,0.81",
359,grip,8.358451300067827,5,1,feedback,347,3,"{""temperature"": 25.0, ""voltage"": 0.81, ""raw"": 0.81, ""line"": ""25,0.81"", ""t"": 8.358451300067827}",25.0,0.81,0.81,"25,0.81",
360,grip,8.368542900076136,5,1,feedback,347,3,"{""temperature"": 25.0, ""voltage"": 0.81, ""raw"": 0.81, ""line"": ""25,0.81"", ""t"": 8.368542900076136}",25.0,0.81,0.81,"25,0.81",
362,grip,8.379738999996334,5,1,feedback,347,3,"{""temperature"": 25.0, ""voltage"": 0.81, ""raw"": 0.81, ""line"": ""25,0.81"", ""t"": 8.379738999996334}",25.0,0.81,0.81,"25,0.81",
363,grip,8.389954500016756,5,1,feedback,347,3,"{""temperature"": 25.0, ""voltage"": 0.81, ""raw"": 0.81, ""line"": ""25,0.81"", ""t"": 8.389954500016756}",25.0,0.81,0.81,"25,0.81",
364,grip,8.400809100014158,5,1,feedback,347,3,"{""temperature"": 25.0, ""voltage"": 0.81, ""raw"": 0.81, ""line"": ""25,0.81"", ""t"": 8.400809100014158}",25.0,0.81,0.81,"25,0.81",
365,grip,8.412775099975988,5,1,feedback,347,3,"{""temperature"": 25.0, ""voltage"": 0.81, ""raw"": 0.81, ""line"": ""25,0.81"", ""t"": 8.412775099975988}",25.0,0.81,0.81,"25,0.81",
366,grip,8.422836299985647,5,1,feedback,347,3,"{""temperature"": 25.0, ""voltage"": 0.81, ""raw"": 0.81, ""line"": ""25,0.81"", ""t"": 8.422836299985647}",25.0,0.81,0.81,"25,0.81",
367,grip,8.43312020006124,5,1,feedback,347,3,"{""temperature"": 25.0, ""voltage"": 0.81, ""raw"": 0.81, ""line"": ""25,0.81"", ""t"": 8.43312020006124}",25.0,0.81,0.81,"25,0.81",
368,grip,8.443554700003006,5,1,feedback,347,3,"{""temperature"": 25.0, ""voltage"": 0.81, ""raw"": 0.81, ""line"": ""25,0.81"", ""t"": 8.443554700003006}",25.0,0.81,0.81,"25,0.81",
369,grip,8.454075300018303,5,1,feedback,347,3,"{""temperature"": 25.0, ""voltage"": 0.81, ""raw"": 0.81, ""line"": ""25,0.81"", ""t"": 8.454075300018303}",25.0,0.81,0.81,"25,0.81",
370,grip,8.464249700075015,5,1,feedback,347,3,"{""temperature"": 25.0, ""voltage"": 0.81, ""raw"": 0.81, ""line"": ""25,0.81"", ""t"": 8.464249700075015}",25.0,0.81,0.81,"25,0.81",
371,grip,8.47439220000524,5,1,feedback,347,3,"{""temperature"": 25.0, ""voltage"": 0.81, ""raw"": 0.81, ""line"": ""25,0.81"", ""t"": 8.47439220000524}",25.0,0.81,0.81,"25,0.81",
372,grip,8.485319999977946,5,1,feedback,347,3,"{""temperature"": 25.0, ""voltage"": 0.81, ""raw"": 0.81, ""line"": ""25,0.81"", ""t"": 8.485319999977946}",25.0,0.81,0.81,"25,0.81",
374,grip,8.497352299978957,5,1,result,347,3,"{""temperature"": 25.0, ""voltage"": 0.81, ""raw"": 0.81, ""line"": ""25,0.81"", ""t"": 8.497352299978957}",25.0,0.81,0.81,"25,0.81",
375,grip,8.507415600004606,5,1,result,347,3,"{""temperature"": 25.0, ""voltage"": 0.81, ""raw"": 0.81, ""line"": ""25,0.81"", ""t"": 8.507415600004606}",25.0,0.81,0.81,"25,0.81",
378,grip,8.517471299972385,5,1,result,376,4,"{""temperature"": 25.0, ""voltage"": 0.81, ""raw"": 0.81, ""line"": ""25,0.81"", ""t"": 8.517471299972385}",25.0,0.81,0.81,"25,0.81",
380,grip,8.527552200015634,5,1,result,376,4,"{""temperature"": 25.0, ""voltage"": 0.81, ""raw"": 0.81, ""line"": ""25,0.81"", ""t"": 8.527552200015634}",25.0,0.81,0.81,"25,0.81",
381,grip,8.53766390006058,5,1,result,376,4,"{""temperature"": 25.0, ""voltage"": 0.81, ""raw"": 0.81, ""line"": ""25,0.81"", ""t"": 8.53766390006058}",25.0,0.81,0.81,"25,0.81",
382,grip,8.5477155999979,5,1,result,376,4,"{""temperature"": 25.0, ""voltage"": 0.81, ""raw"": 0.81, ""line"": ""25,0.81"", ""t"": 8.5477155999979}",25.0,0.81,0.81,"25,0.81",
383,grip,8.558570199995302,5,1,result,376,4,"{""temperature"": 25.0, ""voltage"": 0.81, ""raw"": 0.81, ""line"": ""25,0.81"", ""t"": 8.558570199995302}",25.0,0.81,0.81,"25,0.81",
384,grip,8.568747300072573,5,1,result,376,4,"{""temperature"": 25.0, ""voltage"": 0.81, ""raw"": 0.81, ""line"": ""25,0.81"", ""t"": 8.568747300072573}",25.0,0.81,0.81,"25,0.81",
385,grip,8.580625200062059,5,1,result,376,4,"{""temperature"": 25.0, ""voltage"": 0.81, ""raw"": 0.81, ""line"": ""25,0.81"", ""t"": 8.580625200062059}",25.0,0.81,0.81,"25,0.81",
386,grip,8.590687799965963,5,1,result,376,4,"{""temperature"": 25.0, ""voltage"": 0.81, ""raw"": 0.81, ""line"": ""25,0.81"", ""t"": 8.590687799965963}",25.0,0.81,0.81,"25,0.81",
387,grip,8.601649999967776,5,1,result,376,4,"{""temperature"": 25.0, ""voltage"": 0.81, ""raw"": 0.81, ""line"": ""25,0.81"", ""t"": 8.601649999967776}",25.0,0.81,0.81,"25,0.81",
388,grip,8.61209469998721,5,1,result,376,4,"{""temperature"": 25.0, ""voltage"": 0.81, ""raw"": 0.81, ""line"": ""25,0.81"", ""t"": 8.61209469998721}",25.0,0.81,0.81,"25,0.81",
389,grip,8.62288559996523,5,1,result,376,4,"{""temperature"": 25.0, ""voltage"": 0.81, ""raw"": 0.81, ""line"": ""25,0.81"", ""t"": 8.62288559996523}",25.0,0.81,0.81,"25,0.81",
391,grip,8.632939300034195,5,1,iti,376,4,"{""temperature"": 25.0, ""voltage"": 0.81, ""raw"": 0.81, ""line"": ""25,0.81"", ""t"": 8.632939300034195}",25.0,0.81,0.81,"25,0.81",
392,grip,8.643131599994376,5,1,iti,376,4,"{""temperature"": 25.0, ""voltage"": 0.81, ""raw"": 0.81, ""line"": ""25,0.81"", ""t"": 8.643131599994376}",25.0,0.81,0.81,"25,0.81",
396,grip,8.653604499995708,5,1,iti,393,6,"{""temperature"": 25.0, ""voltage"": 0.81, ""raw"": 0.81, ""line"": ""25,0.81"", ""t"": 8.653604499995708}",25.0,0.81,0.81,"25,0.81",
398,grip,8.663737899973057,5,1,iti,393,6,"{""temperature"": 25.0, ""voltage"": 0.81, ""raw"": 0.81, ""line"": ""25,0.81"", ""t"": 8.663737899973057}",25.0,0.81,0.81,"25,0.81",
399,grip,8.673839500057511,5,1,iti,393,6,"{""temperature"": 25.0, ""voltage"": 0.81, ""raw"": 0.81, ""line"": ""25,0.81"", ""t"": 8.673839500057511}",25.0,0.81,0.81,"25,0.81",
400,grip,8.68458300002385,5,1,iti,393,6,"{""temperature"": 25.0, ""voltage"": 0.81, ""raw"": 0.81, ""line"": ""25,0.81"", ""t"": 8.68458300002385}",25.0,0.81,0.81,"25,0.81",
401,grip,8.694661000045016,5,1,iti,393,6,"{""temperature"": 25.0, ""voltage"": 0.81, ""raw"": 0.81, ""line"": ""25,0.81"", ""t"": 8.694661000045016}",25.0,0.81,0.81,"25,0.81",
402,grip,8.704759199987166,5,1,iti,393,6,"{""temperature"": 25.0, ""voltage"": 0.81, ""raw"": 0.81, ""line"": ""25,0.81"", ""t"": 8.704759199987166}",25.0,0.81,0.81,"25,0.81",
403,grip,8.71485810005106,5,1,iti,393,6,"{""temperature"": 25.0, ""voltage"": 0.81, ""raw"": 0.81, ""line"": ""25,0.81"", ""t"": 8.71485810005106}",25.0,0.81,0.81,"25,0.81",
404,grip,8.725087100057863,5,1,iti,393,6,"{""temperature"": 25.0, ""voltage"": 0.81, ""raw"": 0.81, ""line"": ""25,0.81"", ""t"": 8.725087100057863}",25.0,0.81,0.81,"25,0.81",
405,grip,8.735160700045526,5,1,iti,393,6,"{""temperature"": 25.0, ""voltage"": 0.81, ""raw"": 0.81, ""line"": ""25,0.81"", ""t"": 8.735160700045526}",25.0,0.81,0.81,"25,0.81",
407,grip,8.74634579999838,6,1,prepare,393,6,"{""temperature"": 25.0, ""voltage"": 0.81, ""raw"": 0.81, ""line"": ""25,0.81"", ""t"": 8.74634579999838}",25.0,0.81,0.81,"25,0.81",
408,grip,8.756905499962159,6,1,prepare,393,6,"{""temperature"": 25.0, ""voltage"": 0.81, ""raw"": 0.81, ""line"": ""25,0.81"", ""t"": 8.756905499962159}",25.0,0.81,0.81,"25,0.81",
411,grip,8.767057499964722,6,1,prepare,409,2,"{""temperature"": 25.0, ""voltage"": 0.81, ""raw"": 0.81, ""line"": ""25,0.81"", ""t"": 8.767057499964722}",25.0,0.81,0.81,"25,0.81",
413,grip,8.77710179996211,6,1,prepare,409,2,"{""temperature"": 25.0, ""voltage"": 0.81, ""raw"": 0.81, ""line"": ""25,0.81"", ""t"": 8.77710179996211}",25.0,0.81,0.81,"25,0.81",
414,grip,8.787201100029051,6,1,prepare,409,2,"{""temperature"": 25.0, ""voltage"": 0.81, ""raw"": 0.81, ""line"": ""25,0.81"", ""t"": 8.787201100029051}",25.0,0.81,0.81,"25,0.81",
415,grip,8.797246800037101,6,1,prepare,409,2,"{""temperature"": 25.0, ""voltage"": 0.81, ""raw"": 0.81, ""line"": ""25,0.81"", ""t"": 8.797246800037101}",25.0,0.81,0.81,"25,0.81",
416,grip,8.808093499974348,6,1,prepare,409,2,"{""temperature"": 25.0, ""voltage"": 0.81, ""raw"": 0.81, ""line"": ""25,0.81"", ""t"": 8.808093499974348}",25.0,0.81,0.81,"25,0.81",
417,grip,8.818191800033674,6,1,prepare,409,2,"{""temperature"": 25.0, ""voltage"": 0.81, ""raw"": 0.81, ""line"": ""25,0.81"", ""t"": 8.818191800033674}",25.0,0.81,0.81,"25,0.81",
418,grip,8.828625299967825,6,1,prepare,409,2,"{""temperature"": 25.0, ""voltage"": 0.81, ""raw"": 0.81, ""line"": ""25,0.81"", ""t"": 8.828625299967825}",25.0,0.81,0.81,"25,0.81",
419,grip,8.83875940006692,6,1,prepare,409,2,"{""temperature"": 25.0, ""voltage"": 0.81, ""raw"": 0.81, ""line"": ""25,0.81"", ""t"": 8.83875940006692}",25.0,0.81,0.81,"25,0.81",
420,grip,8.848846600041725,6,1,prepare,409,2,"{""temperature"": 25.0, ""voltage"": 0.81, ""raw"": 0.81, ""line"": ""25,0.81"", ""t"": 8.848846600041725}",25.0,0.81,0.81,"25,0.81",
421,grip,8.858921500039287,6,1,prepare,409,2,"{""temperature"": 25.0, ""voltage"": 0.81, ""raw"": 0.81, ""line"": ""25,0.81"", ""t"": 8.858921500039287}",25.0,0.81,0.81,"25,0.81",
422,grip,8.869390800013207,6,1,prepare,409,2,"{""temperature"": 25.0, ""voltage"": 0.81, ""raw"": 0.81, ""line"": ""25,0.81"", ""t"": 8.869390800013207}",25.0,0.81,0.81,"25,0.81",
424,grip,8.880677200038917,6,1,feedback,409,2,"{""temperature"": 25.0, ""voltage"": 0.81, ""raw"": 0.81, ""line"": ""25,0.81"", ""t"": 8.880677200038917}",25.0,0.81,0.81,"25,0.81",
425,grip,8.890778900007717,6,1,feedback,409,2,"{""temperature"": 25.0, ""voltage"": 0.81, ""raw"": 0.81, ""line"": ""25,0.81"", ""t"": 8.890778900007717}",25.0,0.81,0.81,"25,0.81",
428,grip,8.900832600076683,6,1,feedback,426,3,"{""temperature"": 25.0, ""voltage"": 0.81, ""raw"": 0.81, ""line"": ""25,0.81"", ""t"": 8.900832600076683}",25.0,0.81,0.81,"25,0.81",
430,grip,8.91096870007459,6,1,feedback,426,3,"{""temperature"": 25.0, ""voltage"": 0.81, ""raw"": 0.81, ""line"": ""25,0.81"", ""t"": 8.91096870007459}",25.0,0.81,0.81,"25,0.81",
431,grip,8.921216399990954,6,1,feedback,426,3,"{""temperature"": 25.0, ""voltage"": 0.81, ""raw"": 0.81, ""line"": ""25,0.81"", ""t"": 8.921216399990954}",25.0,0.81,0.81,"25,0.81",
432,grip,8.931863000034355,6,1,feedback,426,3,"{""temperature"": 25.0, ""voltage"": 0.81, ""raw"": 0.81, ""line"": ""25,0.81"", ""t"": 8.931863000034355}",25.0,0.81,0.81,"25,0.81",
433,grip,8.942046800046228,6,1,feedback,426,3,"{""temperature"": 25.0, ""voltage"": 0.81, ""raw"": 0.81, ""line"": ""25,0.81"", ""t"": 8.942046800046228}",25.0,0.81,0.81,"25,0.81",
434,grip,8.952105100033805,6,1,feedback,426,3,"{""temperature"": 25.0, ""voltage"": 0.81, ""raw"": 0.81, ""line"": ""25,0.81"", ""t"": 8.952105100033805}",25.0,0.81,0.81,"25,0.81",
435,grip,8.962897300021723,6,1,feedback,426,3,"{""temperature"": 25.0, ""voltage"": 0.81, ""raw"": 0.81, ""line"": ""25,0.81"", ""t"": 8.962897300021723}",25.0,0.81,0.81,"25,0.81",
436,grip,8.973141900030896,6,1,feedback,426,3,"{""temperature"": 25.0, ""voltage"": 0.81, ""raw"": 0.81, ""line"": ""25,0.81"", ""t"": 8.973141900030896}",25.0,0.81,0.81,"25,0.81",
437,grip,8.984094899962656,6,1,feedback,426,3,"{""temperature"": 25.0, ""voltage"": 0.81, ""raw"": 0.81, ""line"": ""25,0.81"", ""t"": 8.984094899962656}",25.0,0.81,0.81,"25,0.81",
438,grip,8.996923299971968,6,1,feedback,426,3,"{""temperature"": 25.0, ""voltage"": 0.81, ""raw"": 0.81, ""line"": ""25,0.81"", ""t"": 8.996923299971968}",25.0,0.81,0.81,"25,0.81",
439,grip,9.006992700044066,6,1,feedback,426,3,"{""temperature"": 25.0, ""voltage"": 0.81, ""raw"": 0.81, ""line"": ""25,0.81"", ""t"": 9.006992700044066}",25.0,0.81,0.81,"25,0.81",
441,grip,9.017341400031,6,1,feedback,426,3,"{""temperature"": 25.0, ""voltage"": 0.81, ""raw"": 0.81, ""line"": ""25,0.81"", ""t"": 9.017341400031}",25.0,0.81,0.81,"25,0.81",
442,grip,9.02951700007543,6,1,feedback,426,3,"{""temperature"": 25.0, ""voltage"": 0.81, ""raw"": 0.81, ""line"": ""25,0.81"", ""t"": 9.02951700007543}",25.0,0.81,0.81,"25,0.81",
443,grip,9.039579799980856,6,1,feedback,426,3,"{""temperature"": 25.0, ""voltage"": 0.81, ""raw"": 0.81, ""line"": ""25,0.81"", ""t"": 9.039579799980856}",25.0,0.81,0.81,"25,0.81",
444,grip,9.049638099968433,6,1,feedback,426,3,"{""temperature"": 25.0, ""voltage"": 0.81, ""raw"": 0.81, ""line"": ""25,0.81"", ""t"": 9.049638099968433}",25.0,0.81,0.81,"25,0.81",
445,grip,9.059756000060588,6,1,feedback,426,3,"{""temperature"": 25.0, ""voltage"": 0.81, ""raw"": 0.81, ""line"": ""25,0.81"", ""t"": 9.059756000060588}",25.0,0.81,0.81,"25,0.81",
446,grip,9.069834799971431,6,1,feedback,426,3,"{""temperature"": 25.0, ""voltage"": 0.81, ""raw"": 0.81, ""line"": ""25,0.81"", ""t"": 9.069834799971431}",25.0,0.81,0.81,"25,0.81",
447,grip,9.080470700049773,6,1,feedback,426,3,"{""temperature"": 25.0, ""voltage"": 0.81, ""raw"": 0.81, ""line"": ""25,0.81"", ""t"": 9.080470700049773}",25.0,0.81,0.81,"25,0.81",
448,grip,9.091492700041272,6,1,feedback,426,3,"{""temperature"": 25.0, ""voltage"": 0.81, ""raw"": 0.81, ""line"": ""25,0.81"", ""t"": 9.091492700041272}",25.0,0.81,0.81,"25,0.81",
449,grip,9.101765400031582,6,1,feedback,426,3,"{""temperature"": 25.0, ""voltage"": 0.81, ""raw"": 0.81, ""line"": ""25,0.81"", ""t"": 9.101765400031582}",25.0,0.81,0.81,"25,0.81",
450,grip,9.112654700060375,6,1,feedback,426,3,"{""temperature"": 25.0, ""voltage"": 0.81, ""raw"": 0.81, ""line"": ""25,0.81"", ""t"": 9.112654700060375}",25.0,0.81,0.81,"25,0.81",
451,grip,9.122825899976306,6,1,feedback,426,3,"{""temperature"": 25.0, ""voltage"": 0.81, ""raw"": 0.81, ""line"": ""25,0.81"", ""t"": 9.122825899976306}",25.0,0.81,0.81,"25,0.81",
453,grip,9.133027200005017,6,1,result,426,3,"{""temperature"": 25.0, ""voltage"": 0.81, ""raw"": 0.81, ""line"": ""25,0.81"", ""t"": 9.133027200005017}",25.0,0.81,0.81,"25,0.81",
454,grip,9.14310420001857,6,1,result,426,3,"{""temperature"": 25.0, ""voltage"": 0.81, ""raw"": 0.81, ""line"": ""25,0.81"", ""t"": 9.14310420001857}",25.0,0.81,0.81,"25,0.81",
457,grip,9.15320870000869,6,1,result,455,4,"{""temperature"": 25.0, ""voltage"": 0.81, ""raw"": 0.81, ""line"": ""25,0.81"", ""t"": 9.15320870000869}",25.0,0.81,0.81,"25,0.81",
459,grip,9.163993400055915,6,1,result,455,4,"{""temperature"": 25.0, ""voltage"": 0.81, ""raw"": 0.81, ""line"": ""25,0.81"", ""t"": 9.163993400055915}",25.0,0.81,0.81,"25,0.81",
460,grip,9.174069400061853,6,1,result,455,4,"{""temperature"": 25.0, ""voltage"": 0.81, ""raw"": 0.81, ""line"": ""25,0.81"", ""t"": 9.174069400061853}",25.0,0.81,0.81,"25,0.81",
461,grip,9.184149399981834,6,1,result,455,4,"{""temperature"": 25.0, ""voltage"": 0.81, ""raw"": 0.81, ""line"": ""25,0.81"", ""t"": 9.184149399981834}",25.0,0.81,0.81,"25,0.81",
462,grip,9.194204000057653,6,1,result,455,4,"{""temperature"": 25.0, ""voltage"": 0.81, ""raw"": 0.81, ""line"": ""25,0.81"", ""t"": 9.194204000057653}",25.0,0.81,0.81,"25,0.81",
463,grip,9.20479270000942,6,1,result,455,4,"{""temperature"": 25.0, ""voltage"": 0.81, ""raw"": 0.81, ""line"": ""25,0.81"", ""t"": 9.20479270000942}",25.0,0.81,0.81,"25,0.81",
464,grip,9.215919499984011,6,1,result,455,4,"{""temperature"": 25.0, ""voltage"": 0.81, ""raw"": 0.81, ""line"": ""25,0.81"", ""t"": 9.215919499984011}",25.0,0.81,0.81,"25,0.81",
465,grip,9.225984400021844,6,1,result,455,4,"{""temperature"": 25.0, ""voltage"": 0.81, ""raw"": 0.81, ""line"": ""25,0.81"", ""t"": 9.225984400021844}",25.0,0.81,0.81,"25,0.81",
466,grip,9.23614459997043,6,1,result,455,4,"{""temperature"": 25.0, ""voltage"": 0.81, ""raw"": 0.81, ""line"": ""25,0.81"", ""t"": 9.23614459997043}",25.0,0.81,0.81,"25,0.81",
468,grip,9.246235299971886,6,1,iti,455,4,"{""temperature"": 25.0, ""voltage"": 0.81, ""raw"": 0.81, ""line"": ""25,0.81"", ""t"": 9.246235299971886}",25.0,0.81,0.81,"25,0.81",
469,grip,9.256591000012122,6,1,iti,455,4,"{""temperature"": 25.0, ""voltage"": 0.81, ""raw"": 0.81, ""line"": ""25,0.81"", ""t"": 9.256591000012122}",25.0,0.81,0.81,"25,0.81",
473,grip,9.267291500000283,6,1,iti,470,6,"{""temperature"": 25.0, ""voltage"": 0.81, ""raw"": 0.81, ""line"": ""25,0.81"", ""t"": 9.267291500000283}",25.0,0.81,0.81,"25,0.81",
475,grip,9.277833400061354,6,1,iti,470,6,"{""temperature"": 25.0, ""voltage"": 0.81, ""raw"": 0.81, ""line"": ""25,0.81"", ""t"": 9.277833400061354}",25.0,0.81,0.81,"25,0.81",
476,grip,9.288350100046955,6,1,iti,470,6,"{""temperature"": 25.0, ""voltage"": 0.81, ""raw"": 0.81, ""line"": ""25,0.81"", ""t"": 9.288350100046955}",25.0,0.81,0.81,"25,0.81",
477,grip,9.298435700009577,6,1,iti,470,6,"{""temperature"": 25.0, ""voltage"": 0.81, ""raw"": 0.81, ""line"": ""25,0.81"", ""t"": 9.298435700009577}",25.0,0.81,0.81,"25,0.81",
478,grip,9.308738199993968,6,1,iti,470,6,"{""temperature"": 25.0, ""voltage"": 0.81, ""raw"": 0.81, ""line"": ""25,0.81"", ""t"": 9.308738199993968}",25.0,0.81,0.81,"25,0.81",
479,grip,9.319084000075236,6,1,iti,470,6,"{""temperature"": 25.0, ""voltage"": 0.81, ""raw"": 0.81, ""line"": ""25,0.81"", ""t"": 9.319084000075236}",25.0,0.81,0.81,"25,0.81",
480,grip,9.329680299968459,6,1,iti,470,6,"{""temperature"": 25.0, ""voltage"": 0.81, ""raw"": 0.81, ""line"": ""25,0.81"", ""t"": 9.329680299968459}",25.0,0.81,0.81,"25,0.81",
481,grip,9.340680500026792,6,1,iti,470,6,"{""temperature"": 25.0, ""voltage"": 0.81, ""raw"": 0.81, ""line"": ""25,0.81"", ""t"": 9.340680500026792}",25.0,0.81,0.81,"25,0.81",
482,grip,9.351668799994513,6,1,iti,470,6,"{""temperature"": 25.0, ""voltage"": 0.81, ""raw"": 0.81, ""line"": ""25,0.81"", ""t"": 9.351668799994513}",25.0,0.81,0.81,"25,0.81",
483,grip,9.36175959999673,6,1,iti,470,6,"{""temperature"": 25.0, ""voltage"": 0.81, ""raw"": 0.81, ""line"": ""25,0.81"", ""t"": 9.36175959999673}",25.0,0.81,0.81,"25,0.81",
484,grip,9.372360000037588,6,1,iti,470,6,"{""temperature"": 25.0, ""voltage"": 0.81, ""raw"": 0.81, ""line"": ""25,0.81"", ""t"": 9.372360000037588}",25.0,0.81,0.81,"25,0.81",
486,grip,9.383315799990669,7,1,prepare,470,6,"{""temperature"": 25.0, ""voltage"": 0.81, ""raw"": 0.81, ""line"": ""25,0.81"", ""t"": 9.383315799990669}",25.0,0.81,0.81,"25,0.81",
487,grip,9.393557899980806,7,1,prepare,470,6,"{""temperature"": 25.0, ""voltage"": 0.81, ""raw"": 0.81, ""line"": ""25,0.81"", ""t"": 9.393557899980806}",25.0,0.81,0.81,"25,0.81",
490,grip,9.403630999964662,7,1,prepare,488,2,"{""temperature"": 25.0, ""voltage"": 0.81, ""raw"": 0.81, ""line"": ""25,0.81"", ""t"": 9.403630999964662}",25.0,0.81,0.81,"25,0.81",
492,grip,9.414281000033952,7,1,prepare,488,2,"{""temperature"": 25.0, ""voltage"": 0.81, ""raw"": 0.81, ""line"": ""25,0.81"", ""t"": 9.414281000033952}",25.0,0.81,0.81,"25,0.81",
493,grip,9.424364699982107,7,1,prepare,488,2,"{""temperature"": 25.0, ""voltage"": 0.81, ""raw"": 0.81, ""line"": ""25,0.81"", ""t"": 9.424364699982107}",25.0,0.81,0.81,"25,0.81",
494,grip,9.434489200008102,7,1,prepare,488,2,"{""temperature"": 25.0, ""voltage"": 0.81, ""raw"": 0.81, ""line"": ""25,0.81"", ""t"": 9.434489200008102}",25.0,0.81,0.81,"25,0.81",
495,grip,9.44508410000708,7,1,prepare,488,2,"{""temperature"": 25.0, ""voltage"": 0.81, ""raw"": 0.81, ""line"": ""25,0.81"", ""t"": 9.44508410000708}",25.0,0.81,0.81,"25,0.81",
496,grip,9.45525970007293,7,1,prepare,488,2,"{""temperature"": 25.0, ""voltage"": 0.81, ""raw"": 0.81, ""line"": ""25,0.81"", ""t"": 9.45525970007293}",25.0,0.81,0.81,"25,0.81",
497,grip,9.465501000056975,7,1,prepare,488,2,"{""temperature"": 25.0, ""voltage"": 0.81, ""raw"": 0.81, ""line"": ""25,0.81"", ""t"": 9.465501000056975}",25.0,0.81,0.81,"25,0.81",
498,grip,9.476066600065678,7,1,prepare,488,2,"{""temperature"": 25.0, ""voltage"": 0.81, ""raw"": 0.81, ""line"": ""25,0.81"", ""t"": 9.476066600065678}",25.0,0.81,0.81,"25,0.81",
499,grip,9.486128699965775,7,1,prepare,488,2,"{""temperature"": 25.0, ""voltage"": 0.81, ""raw"": 0.81, ""line"": ""25,0.81"", ""t"": 9.486128699965775}",25.0,0.81,0.81,"25,0.81",
500,grip,9.49666950001847,7,1,prepare,488,2,"{""temperature"": 25.0, ""voltage"": 0.81, ""raw"": 0.81, ""line"": ""25,0.81"", ""t"": 9.49666950001847}",25.0,0.81,0.81,"25,0.81",
501,grip,9.507048600004055,7,1,prepare,488,2,"{""temperature"": 25.0, ""voltage"": 0.81, ""raw"": 0.81, ""line"": ""25,0.81"", ""t"": 9.507048600004055}",25.0,0.81,0.81,"25,0.81",
503,grip,9.517626499990001,7,1,feedback,488,2,"{""temperature"": 25.0, ""voltage"": 0.81, ""raw"": 0.81, ""line"": ""25,0.81"", ""t"": 9.517626499990001}",25.0,0.81,0.81,"25,0.81",
506,grip,9.527776399976574,7,1,feedback,504,3,"{""temperature"": 25.0, ""voltage"": 0.81, ""raw"": 0.81, ""line"": ""25,0.81"", ""t"": 9.527776399976574}",25.0,0.81,0.81,"25,0.81",
508,grip,9.538125699968077,7,1,feedback,504,3,"{""temperature"": 25.0, ""voltage"": 0.81, ""raw"": 0.81, ""line"": ""25,0.81"", ""t"": 9.538125699968077}",25.0,0.81,0.81,"25,0.81",
509,grip,9.548554499982856,7,1,feedback,504,3,"{""temperature"": 25.0, ""voltage"": 0.81, ""raw"": 0.81, ""line"": ""25,0.81"", ""t"": 9.548554499982856}",25.0,0.81,0.81,"25,0.81",
510,grip,9.558645399985835,7,1,feedback,504,3,"{""temperature"": 25.0, ""voltage"": 0.81, ""raw"": 0.81, ""line"": ""25,0.81"", ""t"": 9.558645399985835}",25.0,0.81,0.81,"25,0.81",
511,grip,9.56870050006546,7,1,feedback,504,3,"{""temperature"": 25.0, ""voltage"": 0.81, ""raw"": 0.81, ""line"": ""25,0.81"", ""t"": 9.56870050006546}",25.0,0.81,0.81,"25,0.81",
512,grip,9.579642200027592,7,1,feedback,504,3,"{""temperature"": 25.0, ""voltage"": 0.81, ""raw"": 0.81, ""line"": ""25,0.81"", ""t"": 9.579642200027592}",25.0,0.81,0.81,"25,0.81",
513,grip,9.589717100025155,7,1,feedback,504,3,"{""temperature"": 25.0, ""voltage"": 0.81, ""raw"": 0.81, ""line"": ""25,0.81"", ""t"": 9.589717100025155}",25.0,0.81,0.81,"25,0.81",
514,grip,9.599783200072125,7,1,feedback,504,3,"{""temperature"": 25.0, ""voltage"": 0.81, ""raw"": 0.81, ""line"": ""25,0.81"", ""t"": 9.599783200072125}",25.0,0.81,0.81,"25,0.81",
515,grip,9.60983790003229,7,1,feedback,504,3,"{""temperature"": 25.0, ""voltage"": 0.81, ""raw"": 0.81, ""line"": ""25,0.81"", ""t"": 9.60983790003229}",25.0,0.81,0.81,"25,0.81",
516,grip,9.620591799961403,7,1,feedback,504,3,"{""temperature"": 25.0, ""voltage"": 0.81, ""raw"": 0.81, ""line"": ""25,0.81"", ""t"": 9.620591799961403}",25.0,0.81,0.81,"25,0.81",
518,grip,9.631233699969016,7,1,feedback,504,3,"{""temperature"": 25.0, ""voltage"": 0.81, ""raw"": 0.81, ""line"": ""25,0.81"", ""t"": 9.631233699969016}",25.0,0.81,0.81,"25,0.81",
519,grip,9.641286500031129,7,1,feedback,504,3,"{""temperature"": 25.0, ""voltage"": 0.81, ""raw"": 0.81, ""line"": ""25,0.81"", ""t"": 9.641286500031129}",25.0,0.81,0.81,"25,0.81",
520,grip,9.651327900006436,7,1,feedback,504,3,"{""temperature"": 25.0, ""voltage"": 0.81, ""raw"": 0.81, ""line"": ""25,0.81"", ""t"": 9.651327900006436}",25.0,0.81,0.81,"25,0.81",
521,grip,9.661682200036012,7,1,feedback,504,3,"{""temperature"": 25.0, ""voltage"": 0.81, ""raw"": 0.81, ""line"": ""25,0.81"", ""t"": 9.661682200036012}",25.0,0.81,0.81,"25,0.81",
522,grip,9.671867300057784,7,1,feedback,504,3,"{""temperature"": 25.0, ""voltage"": 0.81, ""raw"": 0.81, ""line"": ""25,0.81"", ""t"": 9.671867300057784}",25.0,0.81,0.81,"25,0.81",
523,grip,9.68191449996084,7,1,feedback,504,3,"{""temperature"": 25.0, ""voltage"": 0.81, ""raw"": 0.81, ""line"": ""25,0.81"", ""t"": 9.68191449996084}",25.0,0.81,0.81,"25,0.81",
524,grip,9.692050200072117,7,1,feedback,504,3,"{""temperature"": 25.0, ""voltage"": 0.81, ""raw"": 0.81, ""line"": ""25,0.81"", ""t"": 9.692050200072117}",25.0,0.81,0.81,"25,0.81",
525,grip,9.702822800027207,7,1,feedback,504,3,"{""temperature"": 25.0, ""voltage"": 0.81, ""raw"": 0.81, ""line"": ""25,0.81"", ""t"": 9.702822800027207}",25.0,0.81,0.81,"25,0.81",
526,grip,9.71414840000216,7,1,feedback,504,3,"{""temperature"": 25.0, ""voltage"": 0.81, ""raw"": 0.81, ""line"": ""25,0.81"", ""t"": 9.71414840000216}",25.0,0.81,0.81,"25,0.81",
527,grip,9.724235899979249,7,1,feedback,504,3,"{""temperature"": 25.0, ""voltage"": 0.81, ""raw"": 0.81, ""line"": ""25,0.81"", ""t"": 9.724235899979249}",25.0,0.81,0.81,"25,0.81",
528,grip,9.734402199974284,7,1,feedback,504,3,"{""temperature"": 25.0, ""voltage"": 0.81, ""raw"": 0.81, ""line"": ""25,0.81"", ""t"": 9.734402199974284}",25.0,0.81,0.81,"25,0.81",
529,grip,9.744568499969319,7,1,feedback,504,3,"{""temperature"": 25.0, ""voltage"": 0.81, ""raw"": 0.81, ""line"": ""25,0.81"", ""t"": 9.744568499969319}",25.0,0.81,0.81,"25,0.81",
531,grip,9.754703799961135,7,1,result,504,3,"{""temperature"": 25.0, ""voltage"": 0.81, ""raw"": 0.81, ""line"": ""25,0.81"", ""t"": 9.754703799961135}",25.0,0.81,0.81,"25,0.81",
534,grip,9.765417800052091,7,1,result,532,4,"{""temperature"": 25.0, ""voltage"": 0.81, ""raw"": 0.81, ""line"": ""25,0.81"", ""t"": 9.765417800052091}",25.0,0.81,0.81,"25,0.81",
536,grip,9.776211700052954,7,1,result,532,4,"{""temperature"": 25.0, ""voltage"": 0.81, ""raw"": 0.81, ""line"": ""25,0.81"", ""t"": 9.776211700052954}",25.0,0.81,0.81,"25,0.81",
537,grip,9.78630170004908,7,1,result,532,4,"{""temperature"": 25.0, ""voltage"": 0.81, ""raw"": 0.81, ""line"": ""25,0.81"", ""t"": 9.78630170004908}",25.0,0.81,0.81,"25,0.81",
538,grip,9.796994999982417,7,1,result,532,4,"{""temperature"": 25.0, ""voltage"": 0.81, ""raw"": 0.81, ""line"": ""25,0.81"", ""t"": 9.796994999982417}",25.0,0.81,0.81,"25,0.81",
539,grip,9.807072600000538,7,1,result,532,4,"{""temperature"": 25.0, ""voltage"": 0.81, ""raw"": 0.81, ""line"": ""25,0.81"", ""t"": 9.807072600000538}",25.0,0.81,0.81,"25,0.81",
540,grip,9.817203700076789,7,1,result,532,4,"{""temperature"": 25.0, ""voltage"": 0.81, ""raw"": 0.81, ""line"": ""25,0.81"", ""t"": 9.817203700076789}",25.0,0.81,0.81,"25,0.81",
541,grip,9.827820200007409,7,1,result,532,4,"{""temperature"": 25.0, ""voltage"": 0.81, ""raw"": 0.81, ""line"": ""25,0.81"", ""t"": 9.827820200007409}",25.0,0.81,0.81,"25,0.81",
542,grip,9.83790779998526,7,1,result,532,4,"{""temperature"": 25.0, ""voltage"": 0.81, ""raw"": 0.81, ""line"": ""25,0.81"", ""t"": 9.83790779998526}",25.0,0.81,0.81,"25,0.81",
543,grip,9.848042099969462,7,1,result,532,4,"{""temperature"": 25.0, ""voltage"": 0.81, ""raw"": 0.81, ""line"": ""25,0.81"", ""t"": 9.848042099969462}",25.0,0.81,0.81,"25,0.81",
544,grip,9.858519900008105,7,1,result,532,4,"{""temperature"": 25.0, ""voltage"": 0.81, ""raw"": 0.81, ""line"": ""25,0.81"", ""t"": 9.858519900008105}",25.0,0.81,0.81,"25,0.81",
545,grip,9.869399799965322,7,1,result,532,4,"{""temperature"": 25.0, ""voltage"": 0.81, ""raw"": 0.81, ""line"": ""25,0.81"", ""t"": 9.869399799965322}",25.0,0.81,0.81,"25,0.81",
547,grip,9.8794734000694,7,1,iti,532,4,"{""temperature"": 25.0, ""voltage"": 0.81, ""raw"": 0.81, ""line"": ""25,0.81"", ""t"": 9.8794734000694}",25.0,0.81,0.81,"25,0.81",
548,grip,9.890346999978647,7,1,iti,532,4,"{""temperature"": 25.0, ""voltage"": 0.81, ""raw"": 0.81, ""line"": ""25,0.81"", ""t"": 9.890346999978647}",25.0,0.81,0.81,"25,0.81",
552,grip,9.90040919999592,7,1,iti,549,6,"{""temperature"": 25.0, ""voltage"": 0.81, ""raw"": 0.81, ""line"": ""25,0.81"", ""t"": 9.90040919999592}",25.0,0.81,0.81,"25,0.81",
554,grip,9.910536000039428,7,1,iti,549,6,"{""temperature"": 25.0, ""voltage"": 0.81, ""raw"": 0.81, ""line"": ""25,0.81"", ""t"": 9.910536000039428}",25.0,0.81,0.81,"25,0.81",
555,grip,9.922332599991933,7,1,iti,549,6,"{""temperature"": 25.0, ""voltage"": 0.81, ""raw"": 0.81, ""line"": ""25,0.81"", ""t"": 9.922332599991933}",25.0,0.81,0.81,"25,0.81",
556,grip,9.93240340007469,7,1,iti,549,6,"{""temperature"": 25.0, ""voltage"": 0.81, ""raw"": 0.81, ""line"": ""25,0.81"", ""t"": 9.93240340007469}",25.0,0.81,0.81,"25,0.81",
557,grip,9.942468599998392,7,1,iti,549,6,"{""temperature"": 25.0, ""voltage"": 0.81, ""raw"": 0.81, ""line"": ""25,0.81"", ""t"": 9.942468599998392}",25.0,0.81,0.81,"25,0.81",
558,grip,9.952518200036138,7,1,iti,549,6,"{""temperature"": 25.0, ""voltage"": 0.81, ""raw"": 0.81, ""line"": ""25,0.81"", ""t"": 9.952518200036138}",25.0,0.81,0.81,"25,0.81",
559,grip,9.962584499968216,7,1,iti,549,6,"{""temperature"": 25.0, ""voltage"": 0.81, ""raw"": 0.81, ""line"": ""25,0.81"", ""t"": 9.962584499968216}",25.0,0.81,0.81,"25,0.81",
560,grip,9.972849100013264,7,1,iti,549,6,"{""temperature"": 25.0, ""voltage"": 0.81, ""raw"": 0.81, ""line"": ""25,0.81"", ""t"": 9.972849100013264}",25.0,0.81,0.81,"25,0.81",
561,grip,9.983448300044984,7,1,iti,549,6,"{""temperature"": 25.0, ""voltage"": 0.81, ""raw"": 0.81, ""line"": ""25,0.81"", ""t"": 9.983448300044984}",25.0,0.81,0.81,"25,0.81",
562,grip,9.993819999974221,7,1,iti,549,6,"{""temperature"": 25.0, ""voltage"": 0.81, ""raw"": 0.81, ""line"": ""25,0.81"", ""t"": 9.993819999974221}",25.0,0.81,0.81,"25,0.81",
564,grip,10.004591300035827,8,1,prepare,549,6,"{""temperature"": 25.0, ""voltage"": 0.81, ""raw"": 0.81, ""line"": ""25,0.81"", ""t"": 10.004591300035827}",25.0,0.81,0.81,"25,0.81",
567,grip,10.014725500019267,8,1,prepare,565,2,"{""temperature"": 25.0, ""voltage"": 0.81, ""raw"": 0.81, ""line"": ""25,0.81"", ""t"": 10.014725500019267}",25.0,0.81,0.81,"25,0.81",
569,grip,10.02537360007409,8,1,prepare,565,2,"{""temperature"": 25.0, ""voltage"": 0.81, ""raw"": 0.81, ""line"": ""25,0.81"", ""t"": 10.02537360007409}",25.0,0.81,0.81,"25,0.81",
570,grip,10.03571019996889,8,1,prepare,565,2,"{""temperature"": 25.0, ""voltage"": 0.81, ""raw"": 0.81, ""line"": ""25,0.81"", ""t"": 10.03571019996889}",25.0,0.81,0.81,"25,0.81",
571,grip,10.045777100021951,8,1,prepare,565,2,"{""temperature"": 25.0, ""voltage"": 0.81, ""raw"": 0.81, ""line"": ""25,0.81"", ""t"": 10.045777100021951}",25.0,0.81,0.81,"25,0.81",
572,grip,10.056705399998464,8,1,prepare,565,2,"{""temperature"": 25.0, ""voltage"": 0.81, ""raw"": 0.81, ""line"": ""25,0.81"", ""t"": 10.056705399998464}",25.0,0.81,0.81,"25,0.81",
573,grip,10.067251599975862,8,1,prepare,565,2,"{""temperature"": 25.0, ""voltage"": 0.81, ""raw"": 0.81, ""line"": ""25,0.81"", ""t"": 10.067251599975862}",25.0,0.81,0.81,"25,0.81",
574,grip,10.077666600001976,8,1,prepare,565,2,"{""temperature"": 25.0, ""voltage"": 0.81, ""raw"": 0.81, ""line"": ""25,0.81"", ""t"": 10.077666600001976}",25.0,0.81,0.81,"25,0.81",
575,grip,10.08872070000507,8,1,prepare,565,2,"{""temperature"": 25.0, ""voltage"": 0.81, ""raw"": 0.81, ""line"": ""25,0.81"", ""t"": 10.08872070000507}",25.0,0.81,0.81,"25,0.81",
576,grip,10.098811200005002,8,1,prepare,565,2,"{""temperature"": 25.0, ""voltage"": 0.81, ""raw"": 0.81, ""line"": ""25,0.81"", ""t"": 10.098811200005002}",25.0,0.81,0.81,"25,0.81",
577,grip,10.109548200038262,8,1,prepare,565,2,"{""temperature"": 25.0, ""voltage"": 0.81, ""raw"": 0.81, ""line"": ""25,0.81"", ""t"": 10.109548200038262}",25.0,0.81,0.81,"25,0.81",
578,grip,10.120339900022373,8,1,prepare,565,2,"{""temperature"": 25.0, ""voltage"": 0.81, ""raw"": 0.81, ""line"": ""25,0.81"", ""t"": 10.120339900022373}",25.0,0.81,0.81,"25,0.81",
580,grip,10.13334419997409,8,1,feedback,565,2,"{""temperature"": 25.0, ""voltage"": 0.81, ""raw"": 0.81, ""line"": ""25,0.81"", ""t"": 10.13334419997409}",25.0,0.81,0.81,"25,0.81",
581,grip,10.143458900041878,8,1,feedback,565,2,"{""temperature"": 25.0, ""voltage"": 0.81, ""raw"": 0.81, ""line"": ""25,0.81"", ""t"": 10.143458900041878}",25.0,0.81,0.81,"25,0.81",
584,grip,10.153618699987419,8,1,feedback,582,3,"{""temperature"": 25.0, ""voltage"": 0.81, ""raw"": 0.81, ""line"": ""25,0.81"", ""t"": 10.153618699987419}",25.0,0.81,0.81,"25,0.81",
586,grip,10.163820400019176,8,1,feedback,582,3,"{""temperature"": 25.0, ""voltage"": 0.81, ""raw"": 0.81, ""line"": ""25,0.81"", ""t"": 10.163820400019176}",25.0,0.81,0.81,"25,0.81",
587,grip,10.174366099992767,8,1,feedback,582,3,"{""temperature"": 25.0, ""voltage"": 0.81, ""raw"": 0.81, ""line"": ""25,0.81"", ""t"": 10.174366099992767}",25.0,0.81,0.81,"25,0.81",
588,grip,10.18492090003565,8,1,feedback,582,3,"{""temperature"": 25.0, ""voltage"": 0.81, ""raw"": 0.81, ""line"": ""25,0.81"", ""t"": 10.18492090003565}",25.0,0.81,0.81,"25,0.81",
589,grip,10.196524600032717,8,1,feedback,582,3,"{""temperature"": 25.0, ""voltage"": 0.81, ""raw"": 0.81, ""line"": ""25,0.81"", ""t"": 10.196524600032717}",25.0,0.81,0.81,"25,0.81",
590,grip,10.207014000043273,8,1,feedback,582,3,"{""temperature"": 25.0, ""voltage"": 0.81, ""raw"": 0.81, ""line"": ""25,0.81"", ""t"": 10.207014000043273}",25.0,0.81,0.81,"25,0.81",
591,grip,10.217399000073783,8,1,feedback,582,3,"{""temperature"": 25.0, ""voltage"": 0.81, ""raw"": 0.81, ""line"": ""25,0.81"", ""t"": 10.217399000073783}",25.0,0.81,0.81,"25,0.81",
592,grip,10.227605400024913,8,1,feedback,582,3,"{""temperature"": 25.0, ""voltage"": 0.81, ""raw"": 0.81, ""line"": ""25,0.81"", ""t"": 10.227605400024913}",25.0,0.81,0.81,"25,0.81",
593,grip,10.23780220001936,8,1,feedback,582,3,"{""temperature"": 25.0, ""voltage"": 0.81, ""raw"": 0.81, ""line"": ""25,0.81"", ""t"": 10.23780220001936}",25.0,0.81,0.81,"25,0.81",
595,grip,10.24876350001432,8,1,feedback,582,3,"{""temperature"": 25.0, ""voltage"": 0.81, ""raw"": 0.81, ""line"": ""25,0.81"", ""t"": 10.24876350001432}",25.0,0.81,0.81,"25,0.81",
596,grip,10.258836799999699,8,1,feedback,582,3,"{""temperature"": 25.0, ""voltage"": 0.81, ""raw"": 0.81, ""line"": ""25,0.81"", ""t"": 10.258836799999699}",25.0,0.81,0.81,"25,0.81",
597,grip,10.268972999998368,8,1,feedback,582,3,"{""temperature"": 25.0, ""voltage"": 0.81, ""raw"": 0.81, ""line"": ""25,0.81"", ""t"": 10.268972999998368}",25.0,0.81,0.81,"25,0.81",
598,grip,10.279630600009114,8,1,feedback,582,3,"{""temperature"": 25.0, ""voltage"": 0.81, ""raw"": 0.81, ""line"": ""25,0.81"", ""t"": 10.279630600009114}",25.0,0.81,0.81,"25,0.81",
599,grip,10.289805600070395,8,1,feedback,582,3,"{""temperature"": 25.0, ""voltage"": 0.81, ""raw"": 0.81, ""line"": ""25,0.81"", ""t"": 10.289805600070395}",25.0,0.81,0.81,"25,0.81",
600,grip,10.299867699970491,8,1,feedback,582,3,"{""temperature"": 25.0, ""voltage"": 0.81, ""raw"": 0.81, ""line"": ""25,0.81"", ""t"": 10.299867699970491}",25.0,0.81,0.81,"25,0.81",
601,grip,10.309919000021182,8,1,feedback,582,3,"{""temperature"": 25.0, ""voltage"": 0.81, ""raw"": 0.81, ""line"": ""25,0.81"", ""t"": 10.309919000021182}",25.0,0.81,0.81,"25,0.81",
602,grip,10.319985100068152,8,1,feedback,582,3,"{""temperature"": 25.0, ""voltage"": 0.81, ""raw"": 0.81, ""line"": ""25,0.81"", ""t"": 10.319985100068152}",25.0,0.81,0.81,"25,0.81",
603,grip,10.330548300058581,8,1,feedback,582,3,"{""temperature"": 25.0, ""voltage"": 0.81, ""raw"": 0.81, ""line"": ""25,0.81"", ""t"": 10.330548300058581}",25.0,0.81,0.81,"25,0.81",
604,grip,10.341651699971408,8,1,feedback,582,3,"{""temperature"": 25.0, ""voltage"": 0.81, ""raw"": 0.81, ""line"": ""25,0.81"", ""t"": 10.341651699971408}",25.0,0.81,0.81,"25,0.81",
605,grip,10.352169699966908,8,1,feedback,582,3,"{""temperature"": 25.0, ""voltage"": 0.81, ""raw"": 0.81, ""line"": ""25,0.81"", ""t"": 10.352169699966908}",25.0,0.81,0.81,"25,0.81",
606,grip,10.363301599980332,8,1,feedback,582,3,"{""temperature"": 25.0, ""voltage"": 0.81, ""raw"": 0.81, ""line"": ""25,0.81"", ""t"": 10.363301599980332}",25.0,0.81,0.81,"25,0.81",
607,grip,10.373374499962665,8,1,feedback,582,3,"{""temperature"": 25.0, ""voltage"": 0.81, ""raw"": 0.81, ""line"": ""25,0.81"", ""t"": 10.373374499962665}",25.0,0.81,0.81,"25,0.81",
609,grip,10.384015299961902,8,1,result,582,3,"{""temperature"": 25.0, ""voltage"": 0.81, ""raw"": 0.81, ""line"": ""25,0.81"", ""t"": 10.384015299961902}",25.0,0.81,0.81,"25,0.81",
612,grip,10.396342399995774,8,1,result,610,4,"{""temperature"": 25.0, ""voltage"": 0.81, ""raw"": 0.81, ""line"": ""25,0.81"", ""t"": 10.396342399995774}",25.0,0.81,0.81,"25,0.81",
614,grip,10.40659480006434,8,1,result,610,4,"{""temperature"": 25.0, ""voltage"": 0.81, ""raw"": 0.81, ""line"": ""25,0.81"", ""t"": 10.40659480006434}",25.0,0.81,0.81,"25,0.81",
615,grip,10.416707500000484,8,1,result,610,4,"{""temperature"": 25.0, ""voltage"": 0.81, ""raw"": 0.81, ""line"": ""25,0.81"", ""t"": 10.416707500000484}",25.0,0.81,0.81,"25,0.81",
616,grip,10.427483899984509,8,1,result,610,4,"{""temperature"": 25.0, ""voltage"": 0.81, ""raw"": 0.81, ""line"": ""25,0.81"", ""t"": 10.427483899984509}",25.0,0.81,0.81,"25,0.81",
617,grip,10.437602399964817,8,1,result,610,4,"{""temperature"": 25.0, ""voltage"": 0.81, ""raw"": 0.81, ""line"": ""25,0.81"", ""t"": 10.437602399964817}",25.0,0.81,0.81,"25,0.81",
618,grip,10.448172400007024,8,1,result,610,4,"{""temperature"": 25.0, ""voltage"": 0.81, ""raw"": 0.81, ""line"": ""25,0.81"", ""t"": 10.448172400007024}",25.0,0.81,0.81,"25,0.81",
619,grip,10.458269100054167,8,1,result,610,4,"{""temperature"": 25.0, ""voltage"": 0.81, ""raw"": 0.81, ""line"": ""25,0.81"", ""t"": 10.458269100054167}",25.0,0.81,0.81,"25,0.81",
620,grip,10.468361100065522,8,1,result,610,4,"{""temperature"": 25.0, ""voltage"": 0.81, ""raw"": 0.81, ""line"": ""25,0.81"", ""t"": 10.468361100065522}",25.0,0.81,0.81,"25,0.81",
621,grip,10.479683800018393,8,1,result,610,4,"{""temperature"": 25.0, ""voltage"": 0.81, ""raw"": 0.81, ""line"": ""25,0.81"", ""t"": 10.479683800018393}",25.0,0.81,0.81,"25,0.81",
622,grip,10.48975149996113,8,1,result,610,4,"{""temperature"": 25.0, ""voltage"": 0.81, ""raw"": 0.81, ""line"": ""25,0.81"", ""t"": 10.48975149996113}",25.0,0.81,0.81,"25,0.81",
623,grip,10.499806400039233,8,1,result,610,4,"{""temperature"": 25.0, ""voltage"": 0.81, ""raw"": 0.81, ""line"": ""25,0.81"", ""t"": 10.499806400039233}",25.0,0.81,0.81,"25,0.81",
624,grip,10.509851800044999,8,1,result,610,4,"{""temperature"": 25.0, ""voltage"": 0.81, ""raw"": 0.81, ""line"": ""25,0.81"", ""t"": 10.509851800044999}",25.0,0.81,0.81,"25,0.81",
626,grip,10.520125000039116,8,1,iti,610,4,"{""temperature"": 25.0, ""voltage"": 0.81, ""raw"": 0.81, ""line"": ""25,0.81"", ""t"": 10.520125000039116}",25.0,0.81,0.81,"25,0.81",
630,grip,10.530675000045449,8,1,iti,627,6,"{""temperature"": 25.0, ""voltage"": 0.81, ""raw"": 0.81, ""line"": ""25,0.81"", ""t"": 10.530675000045449}",25.0,0.81,0.81,"25,0.81",
632,grip,10.5416464000009,8,1,iti,627,6,"{""temperature"": 25.0, ""voltage"": 0.81, ""raw"": 0.81, ""line"": ""25,0.81"", ""t"": 10.5416464000009}",25.0,0.81,0.81,"25,0.81",
633,grip,10.551854699966498,8,1,iti,627,6,"{""temperature"": 25.0, ""voltage"": 0.81, ""raw"": 0.81, ""line"": ""25,0.81"", ""t"": 10.551854699966498}",25.0,0.81,0.81,"25,0.81",
634,grip,10.562716400017962,8,1,iti,627,6,"{""temperature"": 25.0, ""voltage"": 0.81, ""raw"": 0.81, ""line"": ""25,0.81"", ""t"": 10.562716400017962}",25.0,0.81,0.81,"25,0.81",
635,grip,10.57322490005754,8,1,iti,627,6,"{""temperature"": 25.0, ""voltage"": 0.81, ""raw"": 0.81, ""line"": ""25,0.81"", ""t"": 10.57322490005754}",25.0,0.81,0.81,"25,0.81",
636,grip,10.583639399963431,8,1,iti,627,6,"{""temperature"": 25.0, ""voltage"": 0.81, ""raw"": 0.81, ""line"": ""25,0.81"", ""t"": 10.583639399963431}",25.0,0.81,0.81,"25,0.81",
637,grip,10.593732299981639,8,1,iti,627,6,"{""temperature"": 25.0, ""voltage"": 0.81, ""raw"": 0.81, ""line"": ""25,0.81"", ""t"": 10.593732299981639}",25.0,0.81,0.81,"25,0.81",
638,grip,10.603819900075905,8,1,iti,627,6,"{""temperature"": 25.0, ""voltage"": 0.81, ""raw"": 0.81, ""line"": ""25,0.81"", ""t"": 10.603819900075905}",25.0,0.81,0.81,"25,0.81",
639,grip,10.61387250002008,8,1,iti,627,6,"{""temperature"": 25.0, ""voltage"": 0.81, ""raw"": 0.81, ""line"": ""25,0.81"", ""t"": 10.61387250002008}",25.0,0.81,0.81,"25,0.81",
640,grip,10.623963700025342,8,1,iti,627,6,"{""temperature"": 25.0, ""voltage"": 0.81, ""raw"": 0.81, ""line"": ""25,0.81"", ""t"": 10.623963700025342}",25.0,0.81,0.81,"25,0.81",
642,grip,10.634019399993122,9,1,prepare,627,6,"{""temperature"": 25.0, ""voltage"": 0.81, ""raw"": 0.81, ""line"": ""25,0.81"", ""t"": 10.634019399993122}",25.0,0.81,0.81,"25,0.81",
643,grip,10.644093799986877,9,1,prepare,627,6,"{""temperature"": 25.0, ""voltage"": 0.81, ""raw"": 0.81, ""line"": ""25,0.81"", ""t"": 10.644093799986877}",25.0,0.81,0.81,"25,0.81",
646,grip,10.654530600062571,9,1,prepare,644,2,"{""temperature"": 25.0, ""voltage"": 0.81, ""raw"": 0.81, ""line"": ""25,0.81"", ""t"": 10.654530600062571}",25.0,0.81,0.81,"25,0.81",
648,grip,10.665215600049123,9,1,prepare,644,2,"{""temperature"": 25.0, ""voltage"": 0.81, ""raw"": 0.81, ""line"": ""25,0.81"", ""t"": 10.665215600049123}",25.0,0.81,0.81,"25,0.81",
649,grip,10.675717400037684,9,1,prepare,644,2,"{""temperature"": 25.0, ""voltage"": 0.81, ""raw"": 0.81, ""line"": ""25,0.81"", ""t"": 10.675717400037684}",25.0,0.81,0.81,"25,0.81",
650,grip,10.686283600050956,9,1,prepare,644,2,"{""temperature"": 25.0, ""voltage"": 0.81, ""raw"": 0.81, ""line"": ""25,0.81"", ""t"": 10.686283600050956}",25.0,0.81,0.81,"25,0.81",
651,grip,10.696361300069839,9,1,prepare,644,2,"{""temperature"": 25.0, ""voltage"": 0.81, ""raw"": 0.81, ""line"": ""25,0.81"", ""t"": 10.696361300069839}",25.0,0.81,0.81,"25,0.81",
652,grip,10.707293899962679,9,1,prepare,644,2,"{""temperature"": 25.0, ""voltage"": 0.81, ""raw"": 0.81, ""line"": ""25,0.81"", ""t"": 10.707293899962679}",25.0,0.81,0.81,"25,0.81",
653,grip,10.717747700051405,9,1,prepare,644,2,"{""temperature"": 25.0, ""voltage"": 0.81, ""raw"": 0.81, ""line"": ""25,0.81"", ""t"": 10.717747700051405}",25.0,0.81,0.81,"25,0.81",
654,grip,10.728780800011009,9,1,prepare,644,2,"{""temperature"": 25.0, ""voltage"": 0.81, ""raw"": 0.81, ""line"": ""25,0.81"", ""t"": 10.728780800011009}",25.0,0.81,0.81,"25,0.81",
655,grip,10.739187399973162,9,1,prepare,644,2,"{""temperature"": 25.0, ""voltage"": 0.81, ""raw"": 0.81, ""line"": ""25,0.81"", ""t"": 10.739187399973162}",25.0,0.81,0.81,"25,0.81",
656,grip,10.749237700016238,9,1,prepare,644,2,"{""temperature"": 25.0, ""voltage"": 0.81, ""raw"": 0.81, ""line"": ""25,0.81"", ""t"": 10.749237700016238}",25.0,0.81,0.81,"25,0.81",
657,grip,10.759986900025979,9,1,prepare,644,2,"{""temperature"": 25.0, ""voltage"": 0.81, ""raw"": 0.81, ""line"": ""25,0.81"", ""t"": 10.759986900025979}",25.0,0.81,0.81,"25,0.81",
659,grip,10.770963900024071,9,1,feedback,644,2,"{""temperature"": 25.0, ""voltage"": 0.81, ""raw"": 0.81, ""line"": ""25,0.81"", ""t"": 10.770963900024071}",25.0,0.81,0.81,"25,0.81",
662,grip,10.781893700012006,9,1,feedback,660,3,"{""temperature"": 25.0, ""voltage"": 0.81, ""raw"": 0.81, ""line"": ""25,0.81"", ""t"": 10.781893700012006}",25.0,0.81,0.81,"25,0.81",
664,grip,10.792661200044677,9,1,feedback,660,3,"{""temperature"": 25.0, ""voltage"": 0.81, ""raw"": 0.81, ""line"": ""25,0.81"", ""t"": 10.792661200044677}",25.0,0.81,0.81,"25,0.81",
665,grip,10.80303680000361,9,1,feedback,660,3,"{""temperature"": 25.0, ""voltage"": 0.81, ""raw"": 0.81, ""line"": ""25,0.81"", ""t"": 10.80303680000361}",25.0,0.81,0.81,"25,0.81",
666,grip,10.81364249996841,9,1,feedback,660,3,"{""temperature"": 25.0, ""voltage"": 0.81, ""raw"": 0.81, ""line"": ""25,0.81"", ""t"": 10.81364249996841}",25.0,0.81,0.81,"25,0.81",
667,grip,10.82448149996344,9,1,feedback,660,3,"{""temperature"": 25.0, ""voltage"": 0.81, ""raw"": 0.81, ""line"": ""25,0.81"", ""t"": 10.82448149996344}",25.0,0.81,0.81,"25,0.81",
668,grip,10.834558899980038,9,1,feedback,660,3,"{""temperature"": 25.0, ""voltage"": 0.81, ""raw"": 0.81, ""line"": ""25,0.81"", ""t"": 10.834558899980038}",25.0,0.81,0.81,"25,0.81",
669,grip,10.845216399990022,9,1,feedback,660,3,"{""temperature"": 25.0, ""voltage"": 0.81, ""raw"": 0.81, ""line"": ""25,0.81"", ""t"": 10.845216399990022}",25.0,0.81,0.81,"25,0.81",
670,grip,10.855825699982233,9,1,feedback,660,3,"{""temperature"": 25.0, ""voltage"": 0.81, ""raw"": 0.81, ""line"": ""25,0.81"", ""t"": 10.855825699982233}",25.0,0.81,0.81,"25,0.81",
671,grip,10.866320400033146,9,1,feedback,660,3,"{""temperature"": 25.0, ""voltage"": 0.81, ""raw"": 0.81, ""line"": ""25,0.81"", ""t"": 10.866320400033146}",25.0,0.81,0.81,"25,0.81",
672,grip,10.877189200022258,9,1,feedback,660,3,"{""temperature"": 25.0, ""voltage"": 0.81, ""raw"": 0.81, ""line"": ""25,0.81"", ""t"": 10.877189200022258}",25.0,0.81,0.81,"25,0.81",
674,grip,10.888215200044215,9,1,feedback,660,3,"{""temperature"": 25.0, ""voltage"": 0.81, ""raw"": 0.81, ""line"": ""25,0.81"", ""t"": 10.888215200044215}",25.0,0.81,0.81,"25,0.81",
675,grip,10.89850870007649,9,1,feedback,660,3,"{""temperature"": 25.0, ""voltage"": 0.81, ""raw"": 0.81, ""line"": ""25,0.81"", ""t"": 10.89850870007649}",25.0,0.81,0.81,"25,0.81",
676,grip,10.90857369999867,9,1,feedback,660,3,"{""temperature"": 25.0, ""voltage"": 0.81, ""raw"": 0.81, ""line"": ""25,0.81"", ""t"": 10.90857369999867}",25.0,0.81,0.81,"25,0.81",
677,grip,10.919440599973314,9,1,feedback,660,3,"{""temperature"": 25.0, ""voltage"": 0.81, ""raw"": 0.81, ""line"": ""25,0.81"", ""t"": 10.919440599973314}",25.0,0.81,0.81,"25,0.81",
678,grip,10.929792499984615,9,1,feedback,660,3,"{""temperature"": 25.0, ""voltage"": 0.81, ""raw"": 0.81, ""line"": ""25,0.81"", ""t"": 10.929792499984615}",25.0,0.81,0.81,"25,0.81",
679,grip,10.93986240006052,9,1,feedback,660,3,"{""temperature"": 25.0, ""voltage"": 0.81, ""raw"": 0.81, ""line"": ""25,0.81"", ""t"": 10.93986240006052}",25.0,0.81,0.81,"25,0.81",
680,grip,10.950395900057629,9,1,feedback,660,3,"{""temperature"": 25.0, ""voltage"": 0.81, ""raw"": 0.81, ""line"": ""25,0.81"", ""t"": 10.950395900057629}",25.0,0.81,0.81,"25,0.81",
681,grip,10.960446499986574,9,1,feedback,660,3,"{""temperature"": 25.0, ""voltage"": 0.81, ""raw"": 0.81, ""line"": ""25,0.81"", ""t"": 10.960446499986574}",25.0,0.81,0.81,"25,0.81",
682,grip,10.970729500055313,9,1,feedback,660,3,"{""temperature"": 25.0, ""voltage"": 0.81, ""raw"": 0.81, ""line"": ""25,0.81"", ""t"": 10.970729500055313}",25.0,0.81,0.81,"25,0.81",
683,grip,10.981462700059637,9,1,feedback,660,3,"{""temperature"": 25.0, ""voltage"": 0.81, ""raw"": 0.81, ""line"": ""25,0.81"", ""t"": 10.981462700059637}",25.0,0.81,0.81,"25,0.81",
684,grip,10.991847699973732,9,1,feedback,660,3,"{""temperature"": 25.0, ""voltage"": 0.81, ""raw"": 0.81, ""line"": ""25,0.81"", ""t"": 10.991847699973732}",25.0,0.81,0.81,"25,0.81",
685,grip,11.002846600022167,9,1,feedback,660,3,"{""temperature"": 25.0, ""voltage"": 0.81, ""raw"": 0.81, ""line"": ""25,0.81"", ""t"": 11.002846600022167}",25.0,0.81,0.81,"25,0.81",
687,grip,11.013667699997313,9,1,result,660,3,"{""temperature"": 25.0, ""voltage"": 0.81, ""raw"": 0.81, ""line"": ""25,0.81"", ""t"": 11.013667699997313}",25.0,0.81,0.81,"25,0.81",
688,grip,11.024346600053832,9,1,result,660,3,"{""temperature"": 25.0, ""voltage"": 0.81, ""raw"": 0.81, ""line"": ""25,0.81"", ""t"": 11.024346600053832}",25.0,0.81,0.81,"25,0.81",
691,grip,11.03498470003251,9,1,result,689,4,"{""temperature"": 25.0, ""voltage"": 0.81, ""raw"": 0.81, ""line"": ""25,0.81"", ""t"": 11.03498470003251}",25.0,0.81,0.81,"25,0.81",
693,grip,11.046371100004762,9,1,result,689,4,"{""temperature"": 25.0, ""voltage"": 0.81, ""raw"": 0.81, ""line"": ""25,0.81"", ""t"": 11.046371100004762}",25.0,0.81,0.81,"25,0.81",
694,grip,11.05680530006066,9,1,result,689,4,"{""temperature"": 25.0, ""voltage"": 0.81, ""raw"": 0.81, ""line"": ""25,0.81"", ""t"": 11.05680530006066}",25.0,0.81,0.81,"25,0.81",
695,grip,11.067249400075525,9,1,result,689,4,"{""temperature"": 25.0, ""voltage"": 0.81, ""raw"": 0.81, ""line"": ""25,0.81"", ""t"": 11.067249400075525}",25.0,0.81,0.81,"25,0.81",
696,grip,11.077851300011389,9,1,result,689,4,"{""temperature"": 25.0, ""voltage"": 0.81, ""raw"": 0.81, ""line"": ""25,0.81"", ""t"": 11.077851300011389}",25.0,0.81,0.81,"25,0.81",
697,grip,11.087985999998637,9,1,result,689,4,"{""temperature"": 25.0, ""voltage"": 0.81, ""raw"": 0.81, ""line"": ""25,0.81"", ""t"": 11.087985999998637}",25.0,0.81,0.81,"25,0.81",
698,grip,11.098497200058773,9,1,result,689,4,"{""temperature"": 25.0, ""voltage"": 0.81, ""raw"": 0.81, ""line"": ""25,0.81"", ""t"": 11.098497200058773}",25.0,0.81,0.81,"25,0.81",
699,grip,11.1095318000298,9,1,result,689,4,"{""temperature"": 25.0, ""voltage"": 0.81, ""raw"": 0.81, ""line"": ""25,0.81"", ""t"": 11.1095318000298}",25.0,0.81,0.81,"25,0.81",
700,grip,11.120460400008596,9,1,result,689,4,"{""temperature"": 25.0, ""voltage"": 0.81, ""raw"": 0.81, ""line"": ""25,0.81"", ""t"": 11.120460400008596}",25.0,0.81,0.81,"25,0.81",
702,grip,11.130532799987122,9,1,iti,689,4,"{""temperature"": 25.0, ""voltage"": 0.81, ""raw"": 0.81, ""line"": ""25,0.81"", ""t"": 11.130532799987122}",25.0,0.81,0.81,"25,0.81",
703,grip,11.14076770003885,9,1,iti,689,4,"{""temperature"": 25.0, ""voltage"": 0.81, ""raw"": 0.81, ""line"": ""25,0.81"", ""t"": 11.14076770003885}",25.0,0.81,0.81,"25,0.81",
707,grip,11.151068100007251,9,1,iti,704,6,"{""temperature"": 25.0, ""voltage"": 0.81, ""raw"": 0.81, ""line"": ""25,0.81"", ""t"": 11.151068100007251}",25.0,0.81,0.81,"25,0.81",
709,grip,11.161954900017008,9,1,iti,704,6,"{""temperature"": 25.0, ""voltage"": 0.81, ""raw"": 0.81, ""line"": ""25,0.81"", ""t"": 11.161954900017008}",25.0,0.81,0.81,"25,0.81",
710,grip,11.172173700062558,9,1,iti,704,6,"{""temperature"": 25.0, ""voltage"": 0.81, ""raw"": 0.81, ""line"": ""25,0.81"", ""t"": 11.172173700062558}",25.0,0.81,0.81,"25,0.81",
711,grip,11.182497799978592,9,1,iti,704,6,"{""temperature"": 25.0, ""voltage"": 0.81, ""raw"": 0.81, ""line"": ""25,0.81"", ""t"": 11.182497799978592}",25.0,0.81,0.81,"25,0.81",
712,grip,11.192575599998236,9,1,iti,704,6,"{""temperature"": 25.0, ""voltage"": 0.81, ""raw"": 0.81, ""line"": ""25,0.81"", ""t"": 11.192575599998236}",25.0,0.81,0.81,"25,0.81",
713,grip,11.203534499974921,9,1,iti,704,6,"{""temperature"": 25.0, ""voltage"": 0.81, ""raw"": 0.81, ""line"": ""25,0.81"", ""t"": 11.203534499974921}",25.0,0.81,0.81,"25,0.81",
714,grip,11.213617000030354,9,1,iti,704,6,"{""temperature"": 25.0, ""voltage"": 0.81, ""raw"": 0.81, ""line"": ""25,0.81"", ""t"": 11.213617000030354}",25.0,0.81,0.81,"25,0.81",
715,grip,11.22408670000732,9,1,iti,704,6,"{""temperature"": 25.0, ""voltage"": 0.81, ""raw"": 0.81, ""line"": ""25,0.81"", ""t"": 11.22408670000732}",25.0,0.81,0.81,"25,0.81",
716,grip,11.234495099983178,9,1,iti,704,6,"{""temperature"": 25.0, ""voltage"": 0.81, ""raw"": 0.81, ""line"": ""25,0.81"", ""t"": 11.234495099983178}",25.0,0.81,0.81,"25,0.81",
717,grip,11.245007900055498,9,1,iti,704,6,"{""temperature"": 25.0, ""voltage"": 0.81, ""raw"": 0.81, ""line"": ""25,0.81"", ""t"": 11.245007900055498}",25.0,0.81,0.81,"25,0.81",
718,grip,11.256001900066622,9,1,iti,704,6,"{""temperature"": 25.0, ""voltage"": 0.81, ""raw"": 0.81, ""line"": ""25,0.81"", ""t"": 11.256001900066622}",25.0,0.81,0.81,"25,0.81",
720,grip,11.26613660005387,10,1,prepare,704,6,"{""temperature"": 25.0, ""voltage"": 0.81, ""raw"": 0.81, ""line"": ""25,0.81"", ""t"": 11.26613660005387}",25.0,0.81,0.81,"25,0.81",
721,grip,11.276818200014532,10,1,prepare,704,6,"{""temperature"": 25.0, ""voltage"": 0.81, ""raw"": 0.81, ""line"": ""25,0.81"", ""t"": 11.276818200014532}",25.0,0.81,0.81,"25,0.81",
724,grip,11.286942800041288,10,1,prepare,722,2,"{""temperature"": 25.0, ""voltage"": 0.81, ""raw"": 0.81, ""line"": ""25,0.81"", ""t"": 11.286942800041288}",25.0,0.81,0.81,"25,0.81",
726,grip,11.296988900052384,10,1,prepare,722,2,"{""temperature"": 25.0, ""voltage"": 0.81, ""raw"": 0.81, ""line"": ""25,0.81"", ""t"": 11.296988900052384}",25.0,0.81,0.81,"25,0.81",
727,grip,11.307037999969907,10,1,prepare,722,2,"{""temperature"": 25.0, ""voltage"": 0.81, ""raw"": 0.81, ""line"": ""25,0.81"", ""t"": 11.307037999969907}",25.0,0.81,0.81,"25,0.81",
728,grip,11.317100699990988,10,1,prepare,722,2,"{""temperature"": 25.0, ""voltage"": 0.81, ""raw"": 0.81, ""line"": ""25,0.81"", ""t"": 11.317100699990988}",25.0,0.81,0.81,"25,0.81",
729,grip,11.327331300009973,10,1,prepare,722,2,"{""temperature"": 25.0, ""voltage"": 0.81, ""raw"": 0.81, ""line"": ""25,0.81"", ""t"": 11.327331300009973}",25.0,0.81,0.81,"25,0.81",
730,grip,11.338292000000365,10,1,prepare,722,2,"{""temperature"": 25.0, ""voltage"": 0.81, ""raw"": 0.81, ""line"": ""25,0.81"", ""t"": 11.338292000000365}",25.0,0.81,0.81,"25,0.81",
731,grip,11.348819200065918,10,1,prepare,722,2,"{""temperature"": 25.0, ""voltage"": 0.81, ""raw"": 0.81, ""line"": ""25,0.81"", ""t"": 11.348819200065918}",25.0,0.81,0.81,"25,0.81",
732,grip,11.359737599967048,10,1,prepare,722,2,"{""temperature"": 25.0, ""voltage"": 0.81, ""raw"": 0.81, ""line"": ""25,0.81"", ""t"": 11.359737599967048}",25.0,0.81,0.81,"25,0.81",
733,grip,11.370473999995738,10,1,prepare,722,2,"{""temperature"": 25.0, ""voltage"": 0.81, ""raw"": 0.81, ""line"": ""25,0.81"", ""t"": 11.370473999995738}",25.0,0.81,0.81,"25,0.81",
735,grip,11.380979900015518,10,1,feedback,722,2,"{""temperature"": 25.0, ""voltage"": 0.81, ""raw"": 0.81, ""line"": ""25,0.81"", ""t"": 11.380979900015518}",25.0,0.81,0.81,"25,0.81",
736,grip,11.39140620001126,10,1,feedback,722,2,"{""temperature"": 25.0, ""voltage"": 0.81, ""raw"": 0.81, ""line"": ""25,0.81"", ""t"": 11.39140620001126}",25.0,0.81,0.81,"25,0.81",
739,grip,11.401475299964659,10,1,feedback,737,3,"{""temperature"": 25.0, ""voltage"": 0.81, ""raw"": 0.81, ""line"": ""25,0.81"", ""t"": 11.401475299964659}",25.0,0.81,0.81,"25,0.81",
741,grip,11.411535099963658,10,1,feedback,737,3,"{""temperature"": 25.0, ""voltage"": 0.81, ""raw"": 0.81, ""line"": ""25,0.81"", ""t"": 11.411535099963658}",25.0,0.81,0.81,"25,0.81",
742,grip,11.422310100053437,10,1,feedback,737,3,"{""temperature"": 25.0, ""voltage"": 0.81, ""raw"": 0.81, ""line"": ""25,0.81"", ""t"": 11.422310100053437}",25.0,0.81,0.81,"25,0.81",
743,grip,11.432427200023085,10,1,feedback,737,3,"{""temperature"": 25.0, ""voltage"": 0.81, ""raw"": 0.81, ""line"": ""25,0.81"", ""t"": 11.432427200023085}",25.0,0.81,0.81,"25,0.81",
744,grip,11.442703400040045,10,1,feedback,737,3,"{""temperature"": 25.0, ""voltage"": 0.81, ""raw"": 0.81, ""line"": ""25,0.81"", ""t"": 11.442703400040045}",25.0,0.81,0.81,"25,0.81",
745,grip,11.453278900007717,10,1,feedback,737,3,"{""temperature"": 25.0, ""voltage"": 0.81, ""raw"": 0.81, ""line"": ""25,0.81"", ""t"": 11.453278900007717}",25.0,0.81,0.81,"25,0.81",
746,grip,11.463757800054736,10,1,feedback,737,3,"{""temperature"": 25.0, ""voltage"": 0.81, ""raw"": 0.81, ""line"": ""25,0.81"", ""t"": 11.463757800054736}",25.0,0.81,0.81,"25,0.81",
747,grip,11.474262900068425,10,1,feedback,737,3,"{""temperature"": 25.0, ""voltage"": 0.81, ""raw"": 0.81, ""line"": ""25,0.81"", ""t"": 11.474262900068425}",25.0,0.81,0.81,"25,0.81",
748,grip,11.484338200069033,10,1,feedback,737,3,"{""temperature"": 25.0, ""voltage"": 0.81, ""raw"": 0.81, ""line"": ""25,0.81"", ""t"": 11.484338200069033}",25.0,0.81,0.81,"25,0.81",
750,grip,11.494800999993458,10,1,feedback,737,3,"{""temperature"": 25.0, ""voltage"": 0.81, ""raw"": 0.81, ""line"": ""25,0.81"", ""t"": 11.494800999993458}",25.0,0.81,0.81,"25,0.81",
751,grip,11.504941700026393,10,1,feedback,737,3,"{""temperature"": 25.0, ""voltage"": 0.81, ""raw"": 0.81, ""line"": ""25,0.81"", ""t"": 11.504941700026393}",25.0,0.81,0.81,"25,0.81",
752,grip,11.51527710002847,10,1,feedback,737,3,"{""temperature"": 25.0, ""voltage"": 0.81, ""raw"": 0.81, ""line"": ""25,0.81"", ""t"": 11.51527710002847}",25.0,0.81,0.81,"25,0.81",
753,grip,11.52612809999846,10,1,feedback,737,3,"{""temperature"": 25.0, ""voltage"": 0.81, ""raw"": 0.81, ""line"": ""25,0.81"", ""t"": 11.52612809999846}",25.0,0.81,0.81,"25,0.81",
754,grip,11.536695900023915,10,1,feedback,737,3,"{""temperature"": 25.0, ""voltage"": 0.81, ""raw"": 0.81, ""line"": ""25,0.81"", ""t"": 11.536695900023915}",25.0,0.81,0.81,"25,0.81",
755,grip,11.548691699979827,10,1,feedback,737,3,"{""temperature"": 25.0, ""voltage"": 0.81, ""raw"": 0.81, ""line"": ""25,0.81"", ""t"": 11.548691699979827}",25.0,0.81,0.81,"25,0.81",
756,grip,11.559631200041622,10,1,feedback,737,3,"{""temperature"": 25.0, ""voltage"": 0.81, ""raw"": 0.81, ""line"": ""25,0.81"", ""t"": 11.559631200041622}",25.0,0.81,0.81,"25,0.81",
757,grip,11.570243400055915,10,1,feedback,737,3,"{""temperature"": 25.0, ""voltage"": 0.81, ""raw"": 0.81, ""line"": ""25,0.81"", ""t"": 11.570243400055915}",25.0,0.81,0.81,"25,0.81",
758,grip,11.580454500042833,10,1,feedback,737,3,"{""temperature"": 25.0, ""voltage"": 0.81, ""raw"": 0.81, ""line"": ""25,0.81"", ""t"": 11.580454500042833}",25.0,0.81,0.81,"25,0.81",
759,grip,11.590523099992424,10,1,feedback,737,3,"{""temperature"": 25.0, ""voltage"": 0.81, ""raw"": 0.81, ""line"": ""25,0.81"", ""t"": 11.590523099992424}",25.0,0.81,0.81,"25,0.81",
760,grip,11.601150700007565,10,1,feedback,737,3,"{""temperature"": 25.0, ""voltage"": 0.81, ""raw"": 0.81, ""line"": ""25,0.81"", ""t"": 11.601150700007565}",25.0,0.81,0.81,"25,0.81",
761,grip,11.6118641999783,10,1,feedback,737,3,"{""temperature"": 25.0, ""voltage"": 0.81, ""raw"": 0.81, ""line"": ""25,0.81"", ""t"": 11.6118641999783}",25.0,0.81,0.81,"25,0.81",
762,grip,11.622037400025874,10,1,feedback,737,3,"{""temperature"": 25.0, ""voltage"": 0.81, ""raw"": 0.81, ""line"": ""25,0.81"", ""t"": 11.622037400025874}",25.0,0.81,0.81,"25,0.81",
764,grip,11.632467800052837,10,1,result,737,3,"{""temperature"": 25.0, ""voltage"": 0.81, ""raw"": 0.81, ""line"": ""25,0.81"", ""t"": 11.632467800052837}",25.0,0.81,0.81,"25,0.81",
765,grip,11.642683600075543,10,1,result,737,3,"{""temperature"": 25.0, ""voltage"": 0.81, ""raw"": 0.81, ""line"": ""25,0.81"", ""t"": 11.642683600075543}",25.0,0.81,0.81,"25,0.81",
768,grip,11.652910100063309,10,1,result,766,4,"{""temperature"": 25.0, ""voltage"": 0.81, ""raw"": 0.81, ""line"": ""25,0.81"", ""t"": 11.652910100063309}",25.0,0.81,0.81,"25,0.81",
770,grip,11.663202499970794,10,1,result,766,4,"{""temperature"": 25.0, ""voltage"": 0.81, ""raw"": 0.81, ""line"": ""25,0.81"", ""t"": 11.663202499970794}",25.0,0.81,0.81,"25,0.81",
771,grip,11.673461099970154,10,1,result,766,4,"{""temperature"": 25.0, ""voltage"": 0.81, ""raw"": 0.81, ""line"": ""25,0.81"", ""t"": 11.673461099970154}",25.0,0.81,0.81,"25,0.81",
772,grip,11.68356070003938,10,1,result,766,4,"{""temperature"": 25.0, ""voltage"": 0.81, ""raw"": 0.81, ""line"": ""25,0.81"", ""t"": 11.68356070003938}",25.0,0.81,0.81,"25,0.81",
773,grip,11.693727600038983,10,1,result,766,4,"{""temperature"": 25.0, ""voltage"": 0.81, ""raw"": 0.81, ""line"": ""25,0.81"", ""t"": 11.693727600038983}",25.0,0.81,0.81,"25,0.81",
774,grip,11.704667499987409,10,1,result,766,4,"{""temperature"": 25.0, ""voltage"": 0.81, ""raw"": 0.81, ""line"": ""25,0.81"", ""t"": 11.704667499987409}",25.0,0.81,0.81,"25,0.81",
775,grip,11.715643599978648,10,1,result,766,4,"{""temperature"": 25.0, ""voltage"": 0.81, ""raw"": 0.81, ""line"": ""25,0.81"", ""t"": 11.715643599978648}",25.0,0.81,0.81,"25,0.81",
776,grip,11.726032400038093,10,1,result,766,4,"{""temperature"": 25.0, ""voltage"": 0.81, ""raw"": 0.81, ""line"": ""25,0.81"", ""t"": 11.726032400038093}",25.0,0.81,0.81,"25,0.81",
777,grip,11.736446500057355,10,1,result,766,4,"{""temperature"": 25.0, ""voltage"": 0.81, ""raw"": 0.81, ""line"": ""25,0.81"", ""t"": 11.736446500057355}",25.0,0.81,0.81,"25,0.81",
779,grip,11.746909599984065,10,1,complete,766,4,"{""temperature"": 25.0, ""voltage"": 0.81, ""raw"": 0.81, ""line"": ""25,0.81"", ""t"": 11.746909599984065}",25.0,0.81,0.81,"25,0.81",
780,grip,11.757004600018263,10,1,complete,766,4,"{""temperature"": 25.0, ""voltage"": 0.81, ""raw"": 0.81, ""line"": ""25,0.81"", ""t"": 11.757004600018263}",25.0,0.81,0.81,"25,0.81",
785,grip,11.767545100068673,10,1,complete,784,7,"{""temperature"": 25.0, ""voltage"": 0.81, ""raw"": 0.81, ""line"": ""25,0.81"", ""t"": 11.767545100068673}",25.0,0.81,0.81,"25,0.81",
788,grip,11.778186200070195,10,1,complete,784,7,"{""temperature"": 25.0, ""voltage"": 0.81, ""raw"": 0.81, ""line"": ""25,0.81"", ""t"": 11.778186200070195}",25.0,0.81,0.81,"25,0.81",
790,grip,11.788252199999988,10,1,complete,784,7,"{""temperature"": 25.0, ""voltage"": 0.81, ""raw"": 0.81, ""line"": ""25,0.81"", ""t"": 11.788252199999988}",25.0,0.81,0.81,"25,0.81",
791,grip,11.798299100017175,10,1,complete,784,7,"{""temperature"": 25.0, ""voltage"": 0.81, ""raw"": 0.81, ""line"": ""25,0.81"", ""t"": 11.798299100017175}",25.0,0.81,0.81,"25,0.81",
792,grip,11.809720600023866,10,1,complete,784,7,"{""temperature"": 25.0, ""voltage"": 0.81, ""raw"": 0.81, ""line"": ""25,0.81"", ""t"": 11.809720600023866}",25.0,0.81,0.81,"25,0.81",
793,grip,11.819896799977869,10,1,complete,784,7,"{""temperature"": 25.0, ""voltage"": 0.81, ""raw"": 0.81, ""line"": ""25,0.81"", ""t"": 11.819896799977869}",25.0,0.81,0.81,"25,0.81",
794,grip,11.830420500016771,10,1,complete,784,7,"{""temperature"": 25.0, ""voltage"": 0.81, ""raw"": 0.81, ""line"": ""25,0.81"", ""t"": 11.830420500016771}",25.0,0.81,0.81,"25,0.81",
795,grip,11.84086420002859,10,1,complete,784,7,"{""temperature"": 25.0, ""voltage"": 0.81, ""raw"": 0.81, ""line"": ""25,0.81"", ""t"": 11.84086420002859}",25.0,0.81,0.81,"25,0.81",
796,grip,11.850966900005005,10,1,complete,784,7,"{""temperature"": 25.0, ""voltage"": 0.81, ""raw"": 0.81, ""line"": ""25,0.81"", ""t"": 11.850966900005005}",25.0,0.81,0.81,"25,0.81",
797,grip,11.861676100059412,10,1,complete,784,7,"{""temperature"": 25.0, ""voltage"": 0.81, ""raw"": 0.81, ""line"": ""25,0.81"", ""t"": 11.861676100059412}",25.0,0.81,0.81,"25,0.81",
798,grip,11.872209200053476,10,1,complete,784,7,"{""temperature"": 25.0, ""voltage"": 0.81, ""raw"": 0.81, ""line"": ""25,0.81"", ""t"": 11.872209200053476}",25.0,0.81,0.81,"25,0.81",
799,grip,11.883146799984388,10,1,complete,784,7,"{""temperature"": 25.0, ""voltage"": 0.81, ""raw"": 0.81, ""line"": ""25,0.81"", ""t"": 11.883146799984388}",25.0,0.81,0.81,"25,0.81",
800,grip,11.894139699987136,10,1,complete,784,7,"{""temperature"": 25.0, ""voltage"": 0.81, ""raw"": 0.81, ""line"": ""25,0.81"", ""t"": 11.894139699987136}",25.0,0.81,0.81,"25,0.81",
801,grip,11.904256100067869,10,1,complete,784,7,"{""temperature"": 25.0, ""voltage"": 0.81, ""raw"": 0.81, ""line"": ""25,0.81"", ""t"": 11.904256100067869}",25.0,0.81,0.81,"25,0.81",
802,grip,11.914657399989665,10,1,complete,784,7,"{""temperature"": 25.0, ""voltage"": 0.81, ""raw"": 0.81, ""line"": ""25,0.81"", ""t"": 11.914657399989665}",25.0,0.81,0.81,"25,0.81",
803,grip,11.924753700033762,10,1,complete,784,7,"{""temperature"": 25.0, ""voltage"": 0.81, ""raw"": 0.81, ""line"": ""25,0.81"", ""t"": 11.924753700033762}",25.0,0.81,0.81,"25,0.81",
804,grip,11.934820299968123,10,1,complete,784,7,"{""temperature"": 25.0, ""voltage"": 0.81, ""raw"": 0.81, ""line"": ""25,0.81"", ""t"": 11.934820299968123}",25.0,0.81,0.81,"25,0.81",
805,grip,11.945014900062233,10,1,complete,784,7,"{""temperature"": 25.0, ""voltage"": 0.81, ""raw"": 0.81, ""line"": ""25,0.81"", ""t"": 11.945014900062233}",25.0,0.81,0.81,"25,0.81",
806,grip,11.955592600046657,10,1,complete,784,7,"{""temperature"": 25.0, ""voltage"": 0.81, ""raw"": 0.81, ""line"": ""25,0.81"", ""t"": 11.955592600046657}",25.0,0.81,0.81,"25,0.81",
807,grip,11.966535200015642,10,1,complete,784,7,"{""temperature"": 25.0, ""voltage"": 0.81, ""raw"": 0.81, ""line"": ""25,0.81"", ""t"": 11.966535200015642}",25.0,0.81,0.81,"25,0.81",
808,grip,11.976921600056812,10,1,complete,784,7,"{""temperature"": 25.0, ""voltage"": 0.81, ""raw"": 0.81, ""line"": ""25,0.81"", ""t"": 11.976921600056812}",25.0,0.81,0.81,"25,0.81",
809,grip,11.987804200034589,10,1,complete,784,7,"{""temperature"": 25.0, ""voltage"": 0.81, ""raw"": 0.81, ""line"": ""25,0.81"", ""t"": 11.987804200034589}",25.0,0.81,0.81,"25,0.81",
810,grip,11.99878590006847,10,1,complete,784,7,"{""temperature"": 25.0, ""voltage"": 0.81, ""raw"": 0.81, ""line"": ""25,0.81"", ""t"": 11.99878590006847}",25.0,0.81,0.81,"25,0.81",
811,grip,12.009725700016133,10,1,complete,784,7,"{""temperature"": 25.0, ""voltage"": 0.81, ""raw"": 0.81, ""line"": ""25,0.81"", ""t"": 12.009725700016133}",25.0,0.81,0.81,"25,0.81",
812,grip,12.01995640003588,10,1,complete,784,7,"{""temperature"": 25.0, ""voltage"": 0.81, ""raw"": 0.81, ""line"": ""25,0.81"", ""t"": 12.01995640003588}",25.0,0.81,0.81,"25,0.81",
813,grip,12.030060600023717,10,1,complete,784,7,"{""temperature"": 25.0, ""voltage"": 0.81, ""raw"": 0.81, ""line"": ""25,0.81"", ""t"": 12.030060600023717}",25.0,0.81,0.81,"25,0.81",
814,grip,12.040330399991944,10,1,complete,784,7,"{""temperature"": 25.0, ""voltage"": 0.81, ""raw"": 0.81, ""line"": ""25,0.81"", ""t"": 12.040330399991944}",25.0,0.81,0.81,"25,0.81",
815,grip,12.05039340001531,10,1,complete,784,7,"{""temperature"": 25.0, ""voltage"": 0.81, ""raw"": 0.81, ""line"": ""25,0.81"", ""t"": 12.05039340001531}",25.0,0.81,0.81,"25,0.81",
816,grip,12.060846299980767,10,1,complete,784,7,"{""temperature"": 25.0, ""voltage"": 0.81, ""raw"": 0.81, ""line"": ""25,0.81"", ""t"": 12.060846299980767}",25.0,0.81,0.81,"25,0.81",
817,grip,12.07184089999646,10,1,complete,784,7,"{""temperature"": 25.0, ""voltage"": 0.81, ""raw"": 0.81, ""line"": ""25,0.81"", ""t"": 12.07184089999646}",25.0,0.81,0.81,"25,0.81",
818,grip,12.08191149996128,10,1,complete,784,7,"{""temperature"": 25.0, ""voltage"": 0.81, ""raw"": 0.81, ""line"": ""25,0.81"", ""t"": 12.08191149996128}",25.0,0.81,0.81,"25,0.81",
819,grip,12.09204600006342,10,1,complete,784,7,"{""temperature"": 25.0, ""voltage"": 0.81, ""raw"": 0.81, ""line"": ""25,0.81"", ""t"": 12.09204600006342}",25.0,0.81,0.81,"25,0.81",
820,grip,12.102129600010812,10,1,complete,784,7,"{""temperature"": 25.0, ""voltage"": 0.81, ""raw"": 0.81, ""line"": ""25,0.81"", ""t"": 12.102129600010812}",25.0,0.81,0.81,"25,0.81",
821,grip,12.112200199975632,10,1,complete,784,7,"{""temperature"": 25.0, ""voltage"": 0.81, ""raw"": 0.81, ""line"": ""25,0.81"", ""t"": 12.112200199975632}",25.0,0.81,0.81,"25,0.81",
822,grip,12.122700400068425,10,1,complete,784,7,"{""temperature"": 25.0, ""voltage"": 0.81, ""raw"": 0.81, ""line"": ""25,0.81"", ""t"": 12.122700400068425}",25.0,0.81,0.81,"25,0.81",
823,grip,12.13373360002879,10,1,complete,784,7,"{""temperature"": 25.0, ""voltage"": 0.81, ""raw"": 0.81, ""line"": ""25,0.81"", ""t"": 12.13373360002879}",25.0,0.81,0.81,"25,0.81",
824,grip,12.144300900050439,10,1,complete,784,7,"{""temperature"": 25.0, ""voltage"": 0.81, ""raw"": 0.81, ""line"": ""25,0.81"", ""t"": 12.144300900050439}",25.0,0.81,0.81,"25,0.81",
825,grip,12.15526949998457,10,1,complete,784,7,"{""temperature"": 25.0, ""voltage"": 0.81, ""raw"": 0.81, ""line"": ""25,0.81"", ""t"": 12.15526949998457}",25.0,0.81,0.81,"25,0.81",
826,grip,12.16581130004488,10,1,complete,784,7,"{""temperature"": 25.0, ""voltage"": 0.81, ""raw"": 0.81, ""line"": ""25,0.81"", ""t"": 12.16581130004488}",25.0,0.81,0.81,"25,0.81",
827,grip,12.176859600003809,10,1,complete,784,7,"{""temperature"": 25.0, ""voltage"": 0.81, ""raw"": 0.81, ""line"": ""25,0.81"", ""t"": 12.176859600003809}",25.0,0.81,0.81,"25,0.81",
828,grip,12.187283199978992,10,1,complete,784,7,"{""temperature"": 25.0, ""voltage"": 0.81, ""raw"": 0.81, ""line"": ""25,0.81"", ""t"": 12.187283199978992}",25.0,0.81,0.81,"25,0.81",
829,grip,12.197353500057943,10,1,complete,784,7,"{""temperature"": 25.0, ""voltage"": 0.81, ""raw"": 0.81, ""line"": ""25,0.81"", ""t"": 12.197353500057943}",25.0,0.81,0.81,"25,0.81",
830,grip,12.20742250001058,10,1,complete,784,7,"{""temperature"": 25.0, ""voltage"": 0.81, ""raw"": 0.81, ""line"": ""25,0.81"", ""t"": 12.20742250001058}",25.0,0.81,0.81,"25,0.81",
831,grip,12.21748660004232,10,1,complete,784,7,"{""temperature"": 25.0, ""voltage"": 0.81, ""raw"": 0.81, ""line"": ""25,0.81"", ""t"": 12.21748660004232}",25.0,0.81,0.81,"25,0.81",
832,grip,12.227549800067209,10,1,complete,784,7,"{""temperature"": 25.0, ""voltage"": 0.81, ""raw"": 0.81, ""line"": ""25,0.81"", ""t"": 12.227549800067209}",25.0,0.81,0.81,"25,0.81",
833,grip,12.238287099986337,10,1,complete,784,7,"{""temperature"": 25.0, ""voltage"": 0.81, ""raw"": 0.81, ""line"": ""25,0.81"", ""t"": 12.238287099986337}",25.0,0.81,0.81,"25,0.81",
834,grip,12.248389899963513,10,1,complete,784,7,"{""temperature"": 25.0, ""voltage"": 0.81, ""raw"": 0.81, ""line"": ""25,0.81"", ""t"": 12.248389899963513}",25.0,0.81,0.81,"25,0.81",
835,grip,12.259008000022732,10,1,complete,784,7,"{""temperature"": 25.0, ""voltage"": 0.81, ""raw"": 0.81, ""line"": ""25,0.81"", ""t"": 12.259008000022732}",25.0,0.81,0.81,"25,0.81",
836,grip,12.269140799995512,10,1,complete,784,7,"{""temperature"": 25.0, ""voltage"": 0.81, ""raw"": 0.81, ""line"": ""25,0.81"", ""t"": 12.269140799995512}",25.0,0.81,0.81,"25,0.81",
837,grip,12.279626099974848,10,1,complete,784,7,"{""temperature"": 25.0, ""voltage"": 0.81, ""raw"": 0.81, ""line"": ""25,0.81"", ""t"": 12.279626099974848}",25.0,0.81,0.81,"25,0.81",
838,grip,12.290194800007157,10,1,complete,784,7,"{""temperature"": 25.0, ""voltage"": 0.81, ""raw"": 0.81, ""line"": ""25,0.81"", ""t"": 12.290194800007157}",25.0,0.81,0.81,"25,0.81",
839,grip,12.30028179998044,10,1,complete,784,7,"{""temperature"": 25.0, ""voltage"": 0.81, ""raw"": 0.81, ""line"": ""25,0.81"", ""t"": 12.30028179998044}",25.0,0.81,0.81,"25,0.81",
840,grip,12.310523299966007,10,1,complete,784,7,"{""temperature"": 25.0, ""voltage"": 0.81, ""raw"": 0.81, ""line"": ""25,0.81"", ""t"": 12.310523299966007}",25.0,0.81,0.81,"25,0.81",
841,grip,12.320776400039904,10,1,complete,784,7,"{""temperature"": 25.0, ""voltage"": 0.81, ""raw"": 0.81, ""line"": ""25,0.81"", ""t"": 12.320776400039904}",25.0,0.81,0.81,"25,0.81",
842,grip,12.330834300024435,10,1,complete,784,7,"{""temperature"": 25.0, ""voltage"": 0.81, ""raw"": 0.81, ""line"": ""25,0.81"", ""t"": 12.330834300024435}",25.0,0.81,0.81,"25,0.81",
843,grip,12.34090070007369,10,1,complete,784,7,"{""temperature"": 25.0, ""voltage"": 0.81, ""raw"": 0.81, ""line"": ""25,0.81"", ""t"": 12.34090070007369}",25.0,0.81,0.81,"25,0.81",
844,grip,12.351353400037624,10,1,complete,784,7,"{""temperature"": 25.0, ""voltage"": 0.81, ""raw"": 0.81, ""line"": ""25,0.81"", ""t"": 12.351353400037624}",25.0,0.81,0.81,"25,0.81",
845,grip,12.36190220003482,10,1,complete,784,7,"{""temperature"": 25.0, ""voltage"": 0.81, ""raw"": 0.81, ""line"": ""25,0.81"", ""t"": 12.36190220003482}",25.0,0.81,0.81,"25,0.81",
846,grip,12.3720605999697,10,1,complete,784,7,"{""temperature"": 25.0, ""voltage"": 0.81, ""raw"": 0.81, ""line"": ""25,0.81"", ""t"": 12.3720605999697}",25.0,0.81,0.81,"25,0.81",
847,grip,12.382947299978696,10,1,complete,784,7,"{""temperature"": 25.0, ""voltage"": 0.81, ""raw"": 0.81, ""line"": ""25,0.81"", ""t"": 12.382947299978696}",25.0,0.81,0.81,"25,0.81",
848,grip,12.393960100016557,10,1,complete,784,7,"{""temperature"": 25.0, ""voltage"": 0.81, ""raw"": 0.81, ""line"": ""25,0.81"", ""t"": 12.393960100016557}",25.0,0.81,0.81,"25,0.81",
849,grip,12.404121699975803,10,1,complete,784,7,"{""temperature"": 25.0, ""voltage"": 0.81, ""raw"": 0.81, ""line"": ""25,0.81"", ""t"": 12.404121699975803}",25.0,0.81,0.81,"25,0.81",
850,grip,12.414675000007264,10,1,complete,784,7,"{""temperature"": 25.0, ""voltage"": 0.81, ""raw"": 0.81, ""line"": ""25,0.81"", ""t"": 12.414675000007264}",25.0,0.81,0.81,"25,0.81",
851,grip,12.425305300042965,10,1,complete,784,7,"{""temperature"": 25.0, ""voltage"": 0.81, ""raw"": 0.81, ""line"": ""25,0.81"", ""t"": 12.425305300042965}",25.0,0.81,0.81,"25,0.81",
852,grip,12.435847299988382,10,1,complete,784,7,"{""temperature"": 25.0, ""voltage"": 0.81, ""raw"": 0.81, ""line"": ""25,0.81"", ""t"": 12.435847299988382}",25.0,0.81,0.81,"25,0.81",
853,grip,12.446322100004181,10,1,complete,784,7,"{""temperature"": 25.0, ""voltage"": 0.81, ""raw"": 0.81, ""line"": ""25,0.81"", ""t"": 12.446322100004181}",25.0,0.81,0.81,"25,0.81",
854,grip,12.456433100043796,10,1,complete,784,7,"{""temperature"": 25.0, ""voltage"": 0.81, ""raw"": 0.81, ""line"": ""25,0.81"", ""t"": 12.456433100043796}",25.0,0.81,0.81,"25,0.81",
855,grip,12.466843000031076,10,1,complete,784,7,"{""temperature"": 25.0, ""voltage"": 0.81, ""raw"": 0.81, ""line"": ""25,0.81"", ""t"": 12.466843000031076}",25.0,0.81,0.81,"25,0.81",
856,grip,12.477874299976975,10,1,complete,784,7,"{""temperature"": 25.0, ""voltage"": 0.81, ""raw"": 0.81, ""line"": ""25,0.81"", ""t"": 12.477874299976975}",25.0,0.81,0.81,"25,0.81",
857,grip,12.488218400045298,10,1,complete,784,7,"{""temperature"": 25.0, ""voltage"": 0.81, ""raw"": 0.81, ""line"": ""25,0.81"", ""t"": 12.488218400045298}",25.0,0.81,0.81,"25,0.81",
858,grip,12.498375299968757,10,1,complete,784,7,"{""temperature"": 25.0, ""voltage"": 0.81, ""raw"": 0.81, ""line"": ""25,0.81"", ""t"": 12.498375299968757}",25.0,0.81,0.81,"25,0.81",
859,grip,12.508842800045386,10,1,complete,784,7,"{""temperature"": 25.0, ""voltage"": 0.81, ""raw"": 0.81, ""line"": ""25,0.81"", ""t"": 12.508842800045386}",25.0,0.81,0.81,"25,0.81",
860,grip,12.519821500056423,10,1,complete,784,7,"{""temperature"": 25.0, ""voltage"": 0.81, ""raw"": 0.81, ""line"": ""25,0.81"", ""t"": 12.519821500056423}",25.0,0.81,0.81,"25,0.81",
861,grip,12.530832499964163,10,1,complete,784,7,"{""temperature"": 25.0, ""voltage"": 0.81, ""raw"": 0.81, ""line"": ""25,0.81"", ""t"": 12.530832499964163}",25.0,0.81,0.81,"25,0.81",
862,grip,12.540922100073658,10,1,complete,784,7,"{""temperature"": 25.0, ""voltage"": 0.81, ""raw"": 0.81, ""line"": ""25,0.81"", ""t"": 12.540922100073658}",25.0,0.81,0.81,"25,0.81",
863,grip,12.551584900007583,10,1,complete,784,7,"{""temperature"": 25.0, ""voltage"": 0.81, ""raw"": 0.81, ""line"": ""25,0.81"", ""t"": 12.551584900007583}",25.0,0.81,0.81,"25,0.81",
864,grip,12.561658999999054,10,1,complete,784,7,"{""temperature"": 25.0, ""voltage"": 0.81, ""raw"": 0.81, ""line"": ""25,0.81"", ""t"": 12.561658999999054}",25.0,0.81,0.81,"25,0.81",
865,grip,12.572362100007012,10,1,complete,784,7,"{""temperature"": 25.0, ""voltage"": 0.81, ""raw"": 0.81, ""line"": ""25,0.81"", ""t"": 12.572362100007012}",25.0,0.81,0.81,"25,0.81",
866,grip,12.582428300054744,10,1,complete,784,7,"{""temperature"": 25.0, ""voltage"": 0.81, ""raw"": 0.81, ""line"": ""25,0.81"", ""t"": 12.582428300054744}",25.0,0.81,0.81,"25,0.81",
867,grip,12.592666700016707,10,1,complete,784,7,"{""temperature"": 25.0, ""voltage"": 0.81, ""raw"": 0.81, ""line"": ""25,0.81"", ""t"": 12.592666700016707}",25.0,0.81,0.81,"25,0.81",
868,grip,12.60275309998542,10,1,complete,784,7,"{""temperature"": 25.0, ""voltage"": 0.81, ""raw"": 0.81, ""line"": ""25,0.81"", ""t"": 12.60275309998542}",25.0,0.81,0.81,"25,0.81",
869,grip,12.613171800039709,10,1,complete,784,7,"{""temperature"": 25.0, ""voltage"": 0.81, ""raw"": 0.81, ""line"": ""25,0.81"", ""t"": 12.613171800039709}",25.0,0.81,0.81,"25,0.81",
870,grip,12.623607599991374,10,1,complete,784,7,"{""temperature"": 25.0, ""voltage"": 0.81, ""raw"": 0.81, ""line"": ""25,0.81"", ""t"": 12.623607599991374}",25.0,0.81,0.81,"25,0.81",
871,grip,12.633902800036594,10,1,complete,784,7,"{""temperature"": 25.0, ""voltage"": 0.81, ""raw"": 0.81, ""line"": ""25,0.81"", ""t"": 12.633902800036594}",25.0,0.81,0.81,"25,0.81",
872,grip,12.644401700003073,10,1,complete,784,7,"{""temperature"": 25.0, ""voltage"": 0.81, ""raw"": 0.81, ""line"": ""25,0.81"", ""t"": 12.644401700003073}",25.0,0.81,0.81,"25,0.81",
873,grip,12.654798100003973,10,1,complete,784,7,"{""temperature"": 25.0, ""voltage"": 0.81, ""raw"": 0.81, ""line"": ""25,0.81"", ""t"": 12.654798100003973}",25.0,0.81,0.81,"25,0.81",
874,grip,12.665089900023304,10,1,complete,784,7,"{""temperature"": 25.0, ""voltage"": 0.81, ""raw"": 0.81, ""line"": ""25,0.81"", ""t"": 12.665089900023304}",25.0,0.81,0.81,"25,0.81",
875,grip,12.675626200041734,10,1,complete,784,7,"{""temperature"": 25.0, ""voltage"": 0.81, ""raw"": 0.81, ""line"": ""25,0.81"", ""t"": 12.675626200041734}",25.0,0.81,0.81,"25,0.81",
876,grip,12.686652700067498,10,1,complete,784,7,"{""temperature"": 25.0, ""voltage"": 0.81, ""raw"": 0.81, ""line"": ""25,0.81"", ""t"": 12.686652700067498}",25.0,0.81,0.81,"25,0.81",
877,grip,12.696734700002708,10,1,complete,784,7,"{""temperature"": 25.0, ""voltage"": 0.81, ""raw"": 0.81, ""line"": ""25,0.81"", ""t"": 12.696734700002708}",25.0,0.81,0.81,"25,0.81",
878,grip,12.706885099993087,10,1,complete,784,7,"{""temperature"": 25.0, ""voltage"": 0.81, ""raw"": 0.81, ""line"": ""25,0.81"", ""t"": 12.706885099993087}",25.0,0.81,0.81,"25,0.81",
879,grip,12.717391600017436,10,1,complete,784,7,"{""temperature"": 25.0, ""voltage"": 0.81, ""raw"": 0.81, ""line"": ""25,0.81"", ""t"": 12.717391600017436}",25.0,0.81,0.81,"25,0.81",
880,grip,12.72744250006508,10,1,complete,784,7,"{""temperature"": 25.0, ""voltage"": 0.81, ""raw"": 0.81, ""line"": ""25,0.81"", ""t"": 12.72744250006508}",25.0,0.81,0.81,"25,0.81",
881,grip,12.737499100039713,10,1,complete,784,7,"{""temperature"": 25.0, ""voltage"": 0.81, ""raw"": 0.81, ""line"": ""25,0.81"", ""t"": 12.737499100039713}",25.0,0.81,0.81,"25,0.81",
882,grip,12.747606000048108,10,1,complete,784,7,"{""temperature"": 25.0, ""voltage"": 0.81, ""raw"": 0.81, ""line"": ""25,0.81"", ""t"": 12.747606000048108}",25.0,0.81,0.81,"25,0.81",
883,grip,12.75796940003056,10,1,complete,784,7,"{""temperature"": 25.0, ""voltage"": 0.81, ""raw"": 0.81, ""line"": ""25,0.81"", ""t"": 12.75796940003056}",25.0,0.81,0.81,"25,0.81",
884,grip,12.768393700011075,10,1,complete,784,7,"{""temperature"": 25.0, ""voltage"": 0.81, ""raw"": 0.81, ""line"": ""25,0.81"", ""t"": 12.768393700011075}",25.0,0.81,0.81,"25,0.81",
